This file was created by CMPT_BEME_RETS using the 201710 CRSP database.,,,,,,,,,,
It contains value- and equal-weighted returns for portfolios formed on BE/ME.,,,,,,,,,,
,,,,,,,,,,
The portfolios are constructed at the end of June.  BE/ME is book equity at,,,,,,,,,,
the last fiscal year end of the prior calendar year divided by ME at the end,,,,,,,,,,
of December of the prior year.  ,,,,,,,,,,
,,,,,,,,,,
The annual returns are from January to December.,,,,,,,,,,
,,,,,,,,,,
Missing data are indicated by -99.99 or -999.,,,,,,,,,,
,,,,,,,,,,
The break points use Compustat firms plus the firms hand-collected from the,,,,,,,,,,
Moodys Industrial,,,,,,,,,,
,,,,,,,,,,
The  portfolios  use Compustat firms plus the firms hand-collected from the,,,,,,,,,,
Moodys Industrial,,,,,,,,,,
,,,,,,,,,,
The break points include utilities and include financials.,,,,,,,,,,
,,,,,,,,,,
The  portfolios  include utilities and include financials.,,,,,,,,,,
,,,,,,,,,,
,,,,,,,,,,
  Value Weight Returns -- Monthly,,,,,,,,,,
,Lo 10,2-Dec,3-Dec,4-Dec,5-Dec,6-Dec,7-Dec,8-Dec,9-Dec,Hi 10
196701,7.86,9.15,7.84,8,4.87,7.51,8.47,11.7,13.71,15.6
196702,3.75,0.31,0.82,0.59,-0.89,-0.1,0.28,-0.4,-0.6,0.66
196703,4.56,4.38,3.65,3.47,3.41,3.89,5.47,4.82,6.26,4.67
196704,7.44,5.7,2.38,3.93,0.91,0.93,3.44,4.22,2.11,2.65
196705,-5.47,-4.64,-3.54,-2.77,-2.86,-4.09,-3.23,-2.22,-3.74,-1.66
196706,3.13,-0.05,0.78,2.7,1.56,2.9,3.33,5.95,4.72,4.61
196707,4.59,4.57,6.11,4.68,1.2,6.33,6.43,7.59,9.96,6.79
196708,-1.04,-0.12,-0.87,-1.01,-1.3,-0.99,1.57,-0.79,2.28,1.26
196709,5.16,1.93,3.85,1.77,3.85,2.24,2.99,4.03,2.16,0.47
196710,1.4,-4.53,-3.31,-5.3,-1.95,-4.89,-4.11,-4.24,-3.7,-6.68
196711,1.66,1.32,-0.11,1.32,0.49,-0.36,-0.32,-0.54,-1.23,0.54
196712,1.7,3.52,2.89,4.26,2.72,3.46,5.59,6.11,5.44,4.36
196801,-8.61,-2.16,-5.05,-3.95,0.04,0.39,-1.81,1.45,-0.99,-0.48
196802,-3.65,-3.33,-3.39,-1.39,-2.14,-3.05,-3.56,-4.78,-3.86,-3.04
196803,3.68,1.04,-0.97,-1.53,-0.13,-1.34,-0.56,-1.4,1.4,0.18
196804,12.2,9.84,8.12,7.8,3.7,6.8,10.65,12.31,12.46,12.39
196805,3.98,1.11,2.27,2.33,-0.38,1.99,1.03,5.77,5.72,6.9
196806,-1.19,1.7,0.42,2.55,3.43,4.8,2.32,3.01,-0.67,-1.22
196807,-5.7,-4.89,-1.93,-1.58,-2.42,2.57,0.14,0.51,2.28,-1.65
196808,1.3,1.42,1.53,0.77,1.52,2.34,1.44,2.07,4.76,2.55
196809,1.82,5,5.94,5.25,3.56,2.67,7.45,3.31,7,7.59
196810,-3.1,1.28,2.25,1.25,2.4,1.8,1.44,4.14,0.49,2.26
196811,7.51,5,3.25,5.66,5.48,6.67,4.98,5.76,8.4,2.9
196812,-4.57,-4.86,-3.41,-4.61,-2.19,-3.56,-1.33,-3.7,-2.71,-1.87
196901,-2.86,-1.05,-0.71,-0.18,0.11,0.65,-0.71,-0.17,-0.59,2.36
196902,-4.4,-4.92,-4.27,-4.87,-6.07,-4.73,-7.36,-4.13,-6.89,-7.13
196903,4.08,4.22,2.87,1.16,2.69,3.67,2.08,1.88,7.05,1.71
196904,3.59,3.22,1.72,0.53,1.23,0.49,-0.22,3.78,2.67,-0.2
196905,-0.23,-0.76,0.69,-0.25,1.18,0.87,1.05,1.53,0.26,-0.73
196906,-1.65,-5.64,-7.45,-7.84,-6.67,-8.67,-9.42,-6.26,-9.76,-8.3
196907,-4.47,-7.42,-5.91,-8.83,-6.42,-7.08,-8.71,-6.1,-5.98,-6.58
196908,7.3,7.72,5.02,5.37,3.16,5.59,4.46,3.62,2.5,1.84
196909,-0.34,-0.26,-1.22,-3.81,-1.13,-4.14,-4.78,-5.13,-4.35,-4.05
196910,6.98,6.57,6.05,5.67,5.56,5.76,3.19,3.77,4.41,4.14
196911,-1.44,-3.47,-3.79,-4.39,-3.43,-4.45,-3.87,-5.77,-1.69,-5.78
196912,1.32,-2.97,-1.8,-3.11,-1.9,-2.27,-1.71,-3.07,-5.37,-4.98
197001,-8.75,-7.06,-6.62,-8.4,-6.71,-9.21,-8.89,-7.85,-4.6,-3.01
197002,3.1,4.96,3.38,7.68,8.32,7.52,6.54,7.96,7.77,7.96
197003,-3.1,-2.56,-0.01,-1.28,3.45,0.22,1.14,-0.03,1.69,1.09
197004,-11.77,-14.12,-8.81,-12.86,-9.43,-10.08,-8.75,-6.39,-8.65,-8.23
197005,-8.27,-10.16,-6.89,-7.15,-6.91,-5.34,-0.76,-3.76,-4.22,-6.82
197006,-7.08,-3.62,-4.2,-5.04,-4.33,-3.63,-2.08,-3.54,-8.03,-8.49
197007,2.48,9.23,8.02,8.39,8.54,8.89,11.26,8.12,9.85,5.03
197008,4.65,3.56,4.07,7.19,4.95,4.08,4.8,5.59,6.77,6.03
197009,8.76,7.19,6.73,0.72,1.22,3.11,0.23,3.08,5.43,7.06
197010,-0.44,-1.64,-2.37,-1.91,-3.99,-4.12,-0.08,-1.61,-4.23,-4.84
197011,4.36,5.6,4.84,5.84,5.05,4.8,5.53,6.9,4.59,4.46
197012,4.59,5.79,8.17,6.25,7.73,8.67,6.3,5.11,6.58,8.84
197101,4.26,5.29,7.5,4.46,5.29,4.35,4.12,4.5,9.02,7.61
197102,2.48,3,1.87,0.78,1.63,0.11,0.06,2.52,1.13,1.87
197103,6.85,5.12,5.71,3.1,5.11,4.55,1.88,1.77,3.25,3
197104,3.05,4.62,5.48,4.58,1.98,0.54,2.58,3.1,5.4,7.94
197105,-2.97,-1.89,-3.99,-4.23,-4.16,-4.44,-4.52,-5.18,-3.98,-4.16
197106,1.45,0.6,0.89,-1.32,-0.35,0.47,0.43,0.83,-2.93,-0.71
197107,-4.94,-3.04,-5.12,-3.2,-2.75,-4.52,-3.84,-3.87,-5.26,-6.71
197108,4.74,6.67,5.36,4.04,-0.24,-0.45,2.18,4.25,9.15,12.39
197109,0.98,-0.12,-0.2,-1.52,-0.21,-2.05,-1.07,-1.71,-1.65,-4.14
197110,-3.08,-4.6,-5.45,-4.46,-3.47,-3.37,-3.04,-4.45,-4.23,-6.28
197111,1.15,0.43,-0.1,-0.1,-1.04,-0.38,-0.67,-1.25,-1.79,-3.06
197112,9.82,7.95,10.1,9.42,8.47,9.94,7.32,9.02,10.69,11.34
197201,4.26,1.31,2.32,1.08,0.75,0.04,1.61,3.53,7.59,9.41
197202,5.13,4.16,3.04,1.94,0.97,1.77,0.35,2.04,0.51,1.81
197203,2.09,2.94,0.7,0.83,-1.61,-2.75,-1.35,-0.43,1.36,0.63
197204,0.96,0.38,0.49,1.14,-0.27,-0.1,0.11,1.42,1.19,0.09
197205,4.2,1.72,0.24,-2.13,1.13,2.61,1.08,-1.45,-1.32,-2.42
197206,-0.02,-2.57,-1.86,-3.79,-3.02,-2.35,-2,-4.91,-5.86,-5.85
197207,1.73,-1.48,-2.03,-1.99,-1.54,-0.39,-1.73,-0.77,-2.04,-2.1
197208,0,2.17,4.71,5.91,5.46,6.23,8.56,7.23,6.07,4.97
197209,0.48,-1.7,-2.64,-1.43,-1.85,-1.36,-0.36,1.62,-3.5,-3.95
197210,0.51,0.8,-0.53,2.06,0.29,2.95,2.35,1.96,0.67,-0.83
197211,1.14,4.58,7.16,5.63,7.24,6.37,6.59,8.38,9.59,12.57
197212,3.62,2.35,-0.78,0.05,-2.05,0.06,-1.51,0.29,-2.69,-3.11
197301,-1.11,-5.41,-5.23,-4.33,-5.91,-0.4,-0.14,-0.46,-3.94,-4.44
197302,-2.32,-5.05,-4.38,-4.76,-5.5,-5.08,-5.51,-5.5,-4.17,-3.71
197303,-1.25,-1.23,-2.18,-1.25,-1.57,2.01,0.78,1.05,-0.82,2.31
197304,-6.4,-6.88,-5.09,-3.94,-4.53,-1.43,-2.15,-0.85,-3.17,-4.58
197305,0.09,-2.88,-3.68,-2.05,-2.28,-1.66,-4.42,-2.68,-5.77,-6.51
197306,-0.27,-2.59,-1.98,-0.02,-2.14,0.68,-1.53,-0.4,-2.32,-2.74
197307,5.72,10.75,6.88,7.56,2.13,1.05,1.6,4.79,7.07,6.7
197308,-3.73,-2.94,-2.91,-2.28,-3.32,-4.05,-2.86,-2.58,-0.85,-0.36
197309,-0.75,7.71,8.54,9.5,8.72,9.91,8.68,8.68,8.69,9.66
197310,0,-0.59,-1.44,0.77,0.85,-0.06,-2.19,-2.19,0.53,4.36
197311,-11.67,-14.24,-16.16,-12.44,-11.16,-13.37,-6.7,-11.4,-13.98,-10.55
197312,-2.57,-0.27,0.88,0.91,5.62,7.26,4.94,1.9,5.25,8.31
197401,-1.58,-1.19,3.11,0.39,-1.79,0.63,0.63,7.33,5.07,5.67
197402,-1.7,-0.66,0.76,2.09,-0.34,-0.2,3.36,0.6,3.8,2.79
197403,-1.6,-1.57,-2.09,-4.29,-2.72,-2.41,-3.74,-1.62,-2.59,-2.77
197404,-3.04,-5.02,-4.34,-6.31,-5.1,-5.2,-7.01,-4.41,-6,-1.37
197405,-0.4,-3.48,-4.64,-6.19,-5.17,-6.63,-4,-4.69,-7.33,-7.95
197406,-1.71,-1.67,-3.92,-1.3,-2.36,-1.66,-1.7,-4.45,-1.09,0.65
197407,-11.95,-6.89,-2.74,-6.29,-4.34,-1.04,-3.66,-2.81,-3.55,-1.66
197408,-9.72,-11.18,-9.75,-6.06,-4.5,-7.77,-7.52,-7.23,-7.67,-6.32
197409,-16.49,-8.72,-9.8,-8.58,-5.32,-5.01,-4.39,-7.08,-6.73,-8.36
197410,23.03,19.5,17.09,8.89,12.96,10.18,9.84,9.45,5.21,8.96
197411,-4.89,-3.21,-2.45,-3.65,-4.76,-0.68,-3.02,-3.74,-4.14,-6.7
197412,-4.48,-2.58,-0.95,-0.52,0.62,-2.77,-2.13,-3.36,-2.98,-8.35
197501,10.39,9.84,14.47,18.51,15.97,18.44,22.18,22.69,22.28,30.59
197502,11.29,4.25,3.3,2.2,3.76,2.25,2.19,3.77,0.17,3.63
197503,3.41,2.45,2.76,3.71,-0.17,3.13,4.38,8.36,7.78,5.02
197504,4.85,8.19,5.61,3.18,1.52,2.02,2.47,7.35,3.59,4.85
197505,4.64,7.34,7.99,8.35,5.04,4.89,4.52,1.61,3.41,4.68
197506,3.01,6.11,6.89,7.45,5.25,6.35,7.86,7.87,7.55,5.06
197507,-8.77,-5.99,-5.42,-2.35,-3.94,-4.66,-5.01,-3.5,-3.65,-4.1
197508,-2.98,-1.06,-2.22,-2.57,-2.42,-2.7,0.1,-2.77,-3.56,-7.15
197509,-4.6,-4.39,-1.9,-1.63,-3.17,-2.28,-4.55,-2.67,-4.23,-4.84
197510,7.53,5.32,4.74,6.68,4.25,5.65,5.35,5.85,5.06,1.22
197511,3.53,2.56,2.13,3.27,2.75,4.54,3.93,4.33,3.92,4.45
197512,-2.83,-2,0.76,0.46,0.34,-0.01,0.14,-0.21,0.55,0.58
197601,11.3,11.51,9.6,12.98,14.83,16.15,18.54,18.67,20.41,26.38
197602,-3.07,1.15,1.27,3.6,1.17,3.31,2.88,4.79,7.8,14.04
197603,3.11,1.97,2.87,3.41,2.72,2.06,2.46,1.22,2.19,3.35
197604,-2.49,-1.45,0.32,-0.69,1.16,-0.51,-0.04,-1.16,-1.95,-1.11
197605,-1.55,-0.44,1.17,-1.92,-0.84,-1.41,-2.8,-1.98,-1.63,-1.89
197606,5.21,2.82,4.51,3.54,5.35,6.85,5.31,6.09,4.3,4.05
197607,-1.46,-1.96,0.28,-0.06,0.82,-0.53,0.63,-0.39,1.28,1.72
197608,-0.16,-1.61,0.06,0.35,2.45,-0.24,-0.71,-1.21,0.16,-2.15
197609,1.56,2.21,4.03,3.34,2.77,3.65,2.42,4.38,1.43,0.25
197610,-2.94,-1.53,-2.31,-1.83,-0.36,-1.7,-1.84,-2.82,-2.09,-4.21
197611,-1.67,1.24,0.36,2.6,2.72,1.61,3.34,1.42,4.2,3.73
197612,3.63,6.11,7.17,8.12,5.75,7.19,8.1,9.36,8.49,9.95
197701,-7.92,-5.01,-2.52,-2.66,-1.22,-0.26,-0.07,-0.03,1.79,2.67
197702,-1.59,-1.36,-2.81,-2.56,-0.65,-1.73,-1.7,-0.92,-0.95,-2.06
197703,-1.51,-1.53,-1.64,-0.06,-1.1,-0.19,0.22,-0.58,2.08,0.33
197704,-2.95,0.56,1.77,2.25,1.93,0.98,2.83,3.85,4.22,2.34
197705,-2.29,-1.66,-0.61,-0.96,1.2,-0.6,-1.28,-0.52,-1.15,-0.6
197706,6.95,4.55,4.46,4.63,2.71,5.46,4.57,5.62,5.21,6.4
197707,-0.87,-1.47,-2.5,-2.37,-0.75,-0.78,0.7,-1.7,-2.12,-2.52
197708,1.73,-0.31,-1.99,-3.41,-2.29,-2.49,-4.51,-2.21,-2.41,-3.46
197709,-1.1,0.58,-0.84,0.13,0.75,2.49,1.04,-0.41,0.19,-0.55
197710,-4.06,-4.8,-4.06,-3.34,-4.17,-4.39,-2.57,-2.16,-2.53,-4.05
197711,3.87,4.78,4.68,4.33,5.61,3.19,4.04,4.6,6.16,8.82
197712,1.03,-0.84,0.77,1.42,0.58,1.54,-0.11,1.49,1.27,0.84
197801,-5.79,-6.71,-7.04,-6.42,-5.48,-4.68,-4.65,-3.64,-2.45,-0.23
197802,-3.14,-1.46,-1.1,-0.64,0.8,2.27,0.07,-0.32,-0.6,-0.33
197803,1.06,3.51,4.69,4.24,4.46,3.51,3.68,3.87,5.77,6.6
197804,12.08,10.21,9.45,7.29,7.6,3.9,4.51,6.89,7.03,6.9
197805,2.54,1.66,2.81,2.28,1.6,1.08,1.73,2.15,3.72,5.73
197806,-0.48,-2.21,-2.34,-2.15,-1.39,-1.01,-0.1,-1.72,0.49,-1.04
197807,7.46,6.93,5.68,4.46,5.42,3.15,4,5.52,4.94,8.45
197808,4.1,3.58,4.37,5,4.84,4.73,4.74,3.06,4,4.64
197809,-3.46,-2.55,-0.32,-0.23,1.32,1.31,0.61,-0.22,0.12,-0.69
197810,-10.14,-12.53,-12.1,-11.68,-10.28,-8.08,-11.74,-10.73,-14.17,-18.63
197811,3.64,3.1,3.68,2.8,4.14,3.44,3.22,3.35,3.47,3.12
197812,4.93,0.34,1.77,1.07,1.2,0.12,1.36,-0.13,0.76,-0.19
197901,2.47,4.77,5.28,5.85,4.94,4.74,6.68,6.37,6.95,11.02
197902,-3.91,-4.19,-2.55,-2.59,-3.3,-1.63,-1.86,-2.41,-2.52,-3.43
197903,5.54,6.87,7.22,6.83,7.26,3.89,6.77,7.02,7.43,10.4
197904,0.28,0.74,-0.01,1.82,0.91,-0.32,1.7,1.41,1.53,0.75
197905,-1.97,-2.22,-1.42,-0.83,-1.58,-1.07,-1.44,-0.38,-1.27,-1.13
197906,2.01,4.57,4.77,5.91,6.36,4.12,6.61,6.48,4.14,6.75
197907,-0.76,1.95,2.1,2.27,2.17,1.92,1.39,2.28,3.1,4.19
197908,6.65,7.43,7.24,7.17,5.62,4.28,6.26,4.77,6.62,6.4
197909,-1.58,-0.57,0.75,0.36,1.3,0.71,0.49,-1.07,-0.63,-0.68
197910,-6.85,-6.92,-7.28,-5.37,-6.69,-6.51,-8.34,-8.26,-7.89,-11.68
197911,7.18,6.26,7.63,6.69,4.17,5.94,7.61,5.91,4.81,2.17
197912,2.41,4.18,4.71,2.98,0.64,0.94,2.34,0.78,2.84,5.67
198001,3.12,6.94,6.91,7.9,8,4.29,6.3,6,7.25,12.91
198002,-3.35,-3.89,-0.75,1.56,2.9,1.55,-0.73,-0.76,0.47,-0.43
198003,-9.15,-9.28,-12.89,-11.77,-12.43,-9.64,-11.86,-11.79,-13.61,-17.97
198004,3.51,4.25,4.55,3.93,4.41,7.17,7.87,8.31,6.17,1.96
198005,5.76,5.77,6.44,5.04,6.72,5.44,5.28,5.56,8.25,6.66
198006,2.89,3.62,3.85,5.04,3.66,1.68,5.25,3.43,2.01,2.77
198007,12.19,10.73,6.31,7.32,3.94,5.9,5.97,1.8,3.47,8.33
198008,4.34,2.59,1.44,2.56,0.99,3.21,0.77,2.89,0.55,1.59
198009,3.99,4.04,4.86,6.04,4.53,1.25,0.43,-1.54,0.91,-0.25
198010,3.24,-0.52,3.48,4.28,4.36,3.19,-1.3,-0.98,0.38,1.27
198011,12.19,10.58,12.15,15.45,17.57,11.39,2.75,6.02,3.64,1.68
198012,-1.24,-2,-4.57,-6.2,-5.16,-4.04,-1.07,-1.07,-0.34,-1
198101,-7.04,-4.02,-5.46,-7.44,-6.39,-2.85,-0.56,1.28,2.25,2.45
198102,1.5,3.7,2.44,1.45,1.35,-0.56,3.47,1.65,0.56,2.32
198103,4.78,4.93,3.06,5.69,1.52,3.11,6.77,3.81,5.56,10.28
198104,-0.58,-2.33,-2.29,-3.65,-3.33,0.9,1.39,2.58,0.57,0.08
198105,3.43,1.01,-0.94,-0.96,-1.23,0.29,2.13,3.53,2.09,2.37
198106,-6.22,-2.91,-0.6,2.4,1.7,3.39,0.3,0.26,0.81,-0.44
198107,0.6,1.23,0.64,3.01,-2.4,-1.77,-2.53,-1.92,0.01,-2.29
198108,-9.08,-5.09,-7.64,-5.46,-5.9,-4.6,-5.96,-4.51,-0.73,-4.48
198109,-8.56,-6.73,-5.07,-7.71,-6.74,-5.16,-3.52,-2.35,-0.35,-4.95
198110,11.4,6.44,7.63,7.15,3.24,4.98,1.53,4.66,5.02,3.64
198111,0.51,5.36,5.21,5.5,4.65,4.83,5.32,4.19,3.74,5.44
198112,-3.68,-2.11,-3.4,-2.6,-3.03,-2.98,-1.12,-2.94,-1.74,-2.58
198201,-3.62,-0.83,-2.44,-5.53,-3.42,-2.49,-2.5,-0.51,1.34,-1.16
198202,-9.18,-5.88,-7.42,-5.83,-2.82,-2.64,-1.49,-0.88,-3.05,-0.13
198203,-3.72,-2.92,1.08,-1.07,-1.69,0.01,1.31,1.99,1.83,1.65
198204,6.23,6.8,4.24,4.45,3.23,3.67,3.83,3.76,1.49,4.35
198205,-4.86,-3.38,-2.17,-2.07,-1.84,-2.93,-2.56,-3.24,-1.26,-2.37
198206,-4.28,-2.5,-1.14,-1.52,-0.64,-0.91,-1.95,-1.23,-2.41,-0.55
198207,-1.91,1.15,-1.98,-4.88,-3.42,-3.84,-3.03,-1.46,-1.73,-2.02
198208,11.27,10.39,10.12,13.53,11.19,13.08,12.74,13.35,11.95,11.24
198209,1.57,2.56,1.94,2.96,3.16,2.3,1.27,0.32,1.23,0.85
198210,15.25,11.05,13.35,10.3,9.92,12.44,12.87,10.52,7.36,12.85
198211,9,6.6,6.72,3.14,3.12,2.92,3.13,4.38,3.71,7.53
198212,-0.3,3.93,-0.36,1.11,1.73,0.64,1.15,-0.23,3.88,4.35
198301,4.96,2.86,3.47,3.75,2.66,5.1,2.99,7.51,2.89,4.07
198302,3.45,3.12,4.93,2.66,3.18,4.46,1.8,2.05,3.29,5.35
198303,2.06,3.25,2.17,4.52,5.45,3.7,5.23,3.28,3.04,4.88
198304,5.62,7.38,4.9,8.18,8.1,8.82,10.1,7.24,5.63,9.85
198305,3.07,0.28,-0.53,1.65,-0.32,2.94,-0.48,-0.41,2.52,1.52
198306,5.75,5.9,4.06,6.93,4.61,1.74,2.1,0.54,0.24,4.2
198307,-5.2,-4.96,-5.89,-3.61,-2.73,-2.45,-0.84,0.17,-1.98,0.04
198308,-2.68,-0.58,-1.83,-0.76,-0.76,0.18,2.68,3.7,4.63,6.12
198309,2.31,2.77,1.26,3.12,2.49,2.01,-0.67,1.19,1.8,0.18
198310,-6.05,-2.27,-3.75,-2.29,0.49,-2.95,-1.44,0.06,-1.05,-0.75
198311,1.91,4.07,4.19,1.87,2.5,4.44,2.09,2.88,1.9,1.59
198312,-1.17,-1.54,-0.2,-0.29,-1.76,-2.29,0.21,-1.98,0.53,0.1
198401,-6.87,-4.65,-2.55,-0.16,-1.95,3.05,1.32,1.06,5.26,4.25
198402,-5.37,-3.69,-6.15,-6.04,-4.5,-4.71,-2.57,-2.8,-2.67,2.71
198403,0.77,2,1.71,3.11,0.72,0.6,2.1,1.38,-0.5,1.7
198404,0.4,0.67,-0.66,0.32,1.15,0.4,-1.1,2.19,1.66,0.03
198405,-5.36,-4.87,-4.37,-3.02,-6.27,-5.4,-3.39,-5.07,-6.24,-5.91
198406,3.77,4.49,5.54,4.4,2.31,1.47,-0.84,0.32,5.82,-1.07
198407,-1.18,-2.26,-2.71,-2.72,-1.66,-0.28,-3.99,-3.04,-2.43,-1.23
198408,12.76,10.6,10.91,11.26,10.72,10.64,11.91,10.73,12.25,10.49
198409,-3.44,-1.98,-1.11,-1.19,-0.56,0.58,0.52,2.7,3.15,3.87
198410,-0.72,0.67,1.42,1.56,0.2,1.71,-1.31,-0.09,-1.86,1.32
198411,-4.19,-1.82,-0.81,-1.13,-1.73,-1.04,-0.93,0.15,1.17,1.97
198412,2.52,2.96,2.08,2.61,1.57,3,2.72,2.95,1.01,2.87
198501,12.8,8.91,10.36,8.8,8.51,7.98,8.45,6.79,5.2,5.48
198502,0.9,1.58,3.01,1.11,1.82,1.85,2.65,2.31,2.88,0.89
198503,-3.5,-0.55,0.46,-0.98,0.72,-1.49,-0.48,2.04,2,2.52
198504,-2.21,-1.01,-2.43,-2.19,0.09,-1.49,1.6,1.25,2.54,2.1
198505,5.01,6.44,5.85,7.49,8.78,6.38,4.49,5.51,4.9,4.27
198506,0.5,1.84,2.96,1.94,1.48,2.09,2.24,0.53,2.01,2.75
198507,0.9,0.44,0.25,0.78,-0.32,-0.38,-1.5,-0.93,-2.33,0.62
198508,-1.84,-1.89,-0.79,0.46,0.17,-0.35,-0.36,1.08,0.85,0.09
198509,-4.39,-4.83,-3.73,-2.91,-2.46,-3.12,-3.15,-4.83,-4.04,-4.25
198510,3.64,4.09,4,4.85,4.56,4.6,6.12,4.52,6.1,4.75
198511,9.12,9.7,7.25,8.28,7.75,7.34,4.41,4.7,5.56,3.96
198512,6.01,6.1,4.34,3.73,5.52,2.99,2.94,4.12,5.09,3
198601,0.18,1.56,1.67,1.08,0.03,3.21,-1.23,1.02,1.57,2.72
198602,6.35,8.97,9.19,9.9,7.02,9.03,7.02,6.5,6.62,7.84
198603,5.24,6.1,6.92,6.44,5.29,6.03,5.43,3.86,5.52,3.14
198604,2.32,-0.73,0.34,-0.84,-0.3,-2.76,-1.42,-3.21,-2.32,-3.77
198605,4.94,5.66,4.74,5.97,4.35,4.33,6.8,4.51,6.12,3.05
198606,1.61,2.04,0.78,2.02,1.16,0.98,0.63,2.14,4.25,-0.51
198607,-8.62,-7.24,-7.04,-6.51,-5.98,-6.08,-4.4,-2,-1.89,-5.97
198608,2.72,5.41,5.14,6.84,4.97,7.39,11.61,7.27,9.24,11.1
198609,-10.82,-9.04,-9.84,-8.28,-7.81,-5.92,-6.33,-8.42,-8.56,-2.28
198610,7.25,3.42,6.57,5.52,6.32,4.01,4.28,4.98,6,4.12
198611,1.01,2.76,1.21,1.86,2.5,1.01,1.72,1.46,1.8,0.74
198612,-2.86,-1.95,-3.15,-1.63,-3.99,-3.76,-2.56,-2.9,-3.71,-1.31
198701,13.39,13.37,14.89,15.02,11.05,10.64,14.41,9.31,12.4,10.41
198702,8.81,7.98,5.78,7.54,2.2,6.64,0.86,0.91,0.33,0.08
198703,1.03,1.78,2.15,2.28,1.32,0.36,4.41,0.73,1.69,6.8
198704,-3.55,-0.52,-2.22,-0.89,-2.97,-1.93,0.39,-3.19,-0.35,-1.84
198705,1.08,2.04,0.07,-0.77,0.3,-0.69,0.3,0.86,-0.01,1.59
198706,4.3,4.1,4.62,4.31,6.55,4.04,5.37,4.17,4.4,5.44
198707,4.93,5.35,5.27,1.82,7.23,3.46,2.32,4.07,2.83,5.59
198708,3.69,5.35,4.4,5.08,3.99,3.03,4.6,3.77,3.31,0.83
198709,-3.89,-0.59,-1.12,-5.29,-0.44,-0.94,-1.36,-3.1,-2.38,-1.62
198710,-22.74,-24.79,-25.74,-23.57,-23.58,-22.82,-15.8,-19.03,-19.12,-23.9
198711,-9.54,-8.32,-7.43,-7.4,-8.43,-5.42,-7.94,-4.52,-8.31,-2.29
198712,8.75,9.44,9.46,7.01,8.37,7.55,3.97,2.94,5.97,5.44
198801,1.9,2.24,2.11,2.77,7,3.02,8.63,7.57,9.76,5.18
198802,5.3,5.8,6.29,6.96,5.71,5.23,2.6,3.56,2.64,6.2
198803,-2.14,-3.89,-0.53,-3.67,-2.84,-0.78,-2.07,-3.5,0.52,0.55
198804,-1.21,0.3,-0.24,2.39,0.68,2.71,2.4,0.61,2.48,1.48
198805,-0.44,-0.43,-0.02,-0.37,-0.05,-1.01,2.17,2.19,1.58,1.82
198806,4.74,5.26,5.35,8.64,6.09,5.61,3.31,4.09,2.91,6.47
198807,-1.44,-1.68,-1.96,-1.31,0.81,-0.31,-0.01,-0.15,0.68,0.37
198808,-2.75,-3.41,-2.87,-5.91,-2.14,-1.69,-1.34,-0.77,-1.89,-1.91
198809,4.92,5.53,3.44,4.83,0.94,4.14,3.75,3.04,3.81,3.98
198810,-0.11,1.94,5.17,2.76,0.56,1.87,1.53,2.13,2.09,4.62
198811,-2.14,-1.98,-1.34,-1.95,-1.94,-2.86,-0.85,-0.83,-0.96,0.01
198812,3.05,2.76,2.9,2.15,2.49,1.45,0.87,1.43,1.02,0.38
198901,6.51,7.57,6.04,6.86,6.31,5.71,6.46,5.69,7.51,8.04
198902,-1.63,-3.12,-1.07,-2.45,-2.3,-1.04,-1.02,-0.89,-1.19,-0.97
198903,2.82,2,2.84,-0.75,3.45,3.47,1.34,3.66,1.75,2.21
198904,5.99,5.96,5.54,4.91,2.66,6.53,4.98,3.93,4.32,3.74
198905,5.03,4.33,5.02,1.89,4.03,4.18,4.69,3.92,4.07,3.83
198906,-1.92,-0.23,-1.38,-0.22,-0.32,-1.37,0.49,-0.81,-0.09,3.17
198907,10.39,9.41,10.16,6.98,5.41,7.06,7.87,5.64,6.18,5.53
198908,0.35,1.74,1.99,3.23,2.72,3.48,1.97,2.9,2.63,1.92
198909,2.19,-0.54,-0.35,-2.16,0.07,-1.01,0.48,0.22,-0.08,-0.67
198910,-0.98,-1.26,-3.29,-4.73,-3.51,-4.58,-3.5,-3.34,-1.06,-3.7
198911,2.22,1.19,3.02,1.15,2.53,1.33,1.46,0.68,1.07,0.63
198912,0.77,1.14,2.78,-1.45,3.34,3.19,3.65,4.05,0.58,1.7
199001,-7.92,-7.55,-7.51,-4.27,-6.5,-7.9,-7.58,-7.52,-6.39,-7.68
199002,0.32,1.1,0.62,3.86,2.37,2.21,0.56,2.64,2.94,1.24
199003,4.51,3.51,4.32,3.01,0.3,1.52,1.5,0.68,1.57,-0.85
199004,-0.17,-1.2,-2.17,-1.44,-3.18,-4.99,-4.33,-4.3,-3.99,-5.99
199005,13.02,8.45,9.37,11.57,8.05,7.49,5.87,6.84,8.59,5.32
199006,2.7,2.54,-1.63,-1.8,-1.38,-2.65,-2.84,-2.9,-0.42,0.26
199007,-1.16,-2.26,-1.52,-1.6,2.26,-1.05,-2.92,-1.11,-2.15,-3.37
199008,-8.94,-10.3,-11.95,-9.36,-7.5,-7.81,-9.4,-9.49,-9.91,-11.79
199009,-6.36,-4.57,-7.01,-4.14,-3.03,-3.03,-8.19,-5.37,-6.34,-9.68
199010,0.85,0.05,-1.97,-3.01,-0.52,-3.94,-2.29,0.85,0.07,-3.08
199011,8,5.43,8.55,6.73,6.15,6.92,8.01,5.67,5.44,3.5
199012,3.58,3.4,4.5,3,2.35,1.74,3.28,2.56,2.59,0.07
199101,5.33,7.24,8.07,3.26,1.25,5.42,6.94,4.66,3.94,6.79
199102,8.12,9.06,7.09,8.66,5.8,6.36,7.2,7.1,7.59,9.37
199103,5.37,4.13,2.5,2.39,2.61,-1.13,2.02,4.22,3.34,1.64
199104,0.04,-0.82,-0.35,0.56,1.37,-0.26,1.94,1.07,0.52,-0.64
199105,4.54,3.72,5.76,3.48,2.08,3.31,4.29,3.81,3.66,9.13
199106,-4.51,-4.6,-5.96,-4.61,-3.19,-4.95,-4.57,-3.31,-3.69,-4.71
199107,7.37,3.59,2.7,3.54,4.72,3.37,4.92,4.45,3.49,2.81
199108,4.38,3.35,1.38,0.88,1.98,3.98,2.61,1.75,4.53,1.05
199109,-1.81,-1.34,-2.95,0.35,-1.35,0.18,1.67,-1.32,-1.5,-3.25
199110,2.29,0.41,1.21,0.78,1.67,2.15,4.26,1.33,3.1,1.27
199111,-0.14,-5.1,-6.19,-4.7,-5.01,-4.6,-2.65,-4.56,-6.57,-7.26
199112,15.69,12.58,11.79,6.75,8.39,7.97,8.04,6.73,11.73,10.11
199201,-2.98,0.51,-0.09,-1.44,-0.76,0.22,0.66,2.63,5.48,12.93
199202,-0.29,1.15,1.43,-0.63,1.85,2.86,1.66,5.7,5.7,11.83
199203,-3.45,-3.6,-1.41,-2.1,0.24,-1.64,-0.97,-1.14,-1.91,0.47
199204,-1.56,0.61,2.17,5.63,3.81,2.88,2.59,1.83,2.55,6.69
199205,1.07,0.57,0.3,0.44,-0.38,1.75,0.58,0.19,1.62,0.93
199206,-3.48,-2.58,-1.17,-0.56,-2.58,-1.62,-1.26,0.07,-1.02,1.35
199207,5.06,4.18,2.26,5.72,4.78,4.14,3.49,3.74,3.34,-0.97
199208,-1.13,-0.96,-2.44,-3.59,-0.97,-0.93,-3.41,-2.24,-3.96,-9.17
199209,0.15,2.66,4.09,2.21,0.53,1.99,-0.75,1.93,1.67,-0.49
199210,2.28,3.65,2.17,0.98,-0.82,-1.09,-1.57,0.62,1.73,1.06
199211,4.34,5.79,5.77,4.7,2.15,1.27,3.89,2.72,5.6,8.37
199212,-0.59,1.13,3.85,2.25,3.42,2.9,-0.24,3.57,3.59,3.91
199301,-2.77,0.48,1.91,0.8,1.23,1.94,3.25,3.33,5.47,9.83
199302,-4.47,-2.46,0.92,2.46,3.8,4.37,4.32,3.42,3.11,1.16
199303,0.73,2.31,3.48,3.89,3.08,3.88,1.1,2.03,2.23,5.06
199304,-6,-4.71,-2.99,-1.6,-0.3,-1.27,-1.17,-2.17,-1.75,0.96
199305,4.47,3.22,4.64,4.46,1.51,1.93,2.25,0.96,1.87,0.64
199306,-1.89,-1.77,1.75,-0.25,1.01,2.71,1.04,2.29,3.32,4.2
199307,-3.7,-1.88,0.42,0.36,0.74,1.53,2.14,2.85,-1.11,2.81
199308,3.59,4.7,2.54,3.31,4.14,4.31,4.64,3.58,5.18,0.9
199309,0.18,-0.39,-1.1,0.55,-0.33,1.29,1.64,0.52,-1.89,-0.75
199310,3.91,3.84,0.9,0.04,0.6,-1.07,-0.11,-1.07,2.18,5.24
199311,0.63,-0.14,-2.32,-1.61,-2.59,-3.24,-3.06,-3.65,0.67,-0.16
199312,0.23,2.05,2.92,3.69,1.21,2.45,1.41,1.96,2.6,3.12
199401,0.55,3.03,3.07,4.28,4.66,3.78,4.31,1.02,4.65,6.23
199402,-1.4,-1.85,-1.45,-0.57,-2.58,-2.74,-4.36,-3.99,-3.85,-4.01
199403,-5.13,-5.15,-4.07,-4.48,-3.53,-3.04,-4.63,-3.85,-2.78,-5.69
199404,0.33,1.21,-0.96,0.65,2.24,3.1,1.47,1.17,1.76,1.97
199405,0.67,0.27,2.67,1.66,1.77,0.47,1.74,-1.72,1.71,-1.23
199406,-3.47,-2.89,-3.21,-2.71,-2.25,-1.39,-2.02,-1.28,-3.97,-2.19
199407,2.17,3.02,3.92,2.2,2.21,5.56,3.59,3.51,3.68,1.9
199408,7.15,6.25,3.43,3.38,2.62,1.72,3.98,3.63,3.14,3.63
199409,-0.03,-0.73,-3.17,-3.17,-3.37,-1.88,-2.84,-2.78,-4.66,-2.18
199410,3.07,2.24,0.07,2.52,1.22,3.89,0.06,2.18,-1.4,-0.03
199411,-1.82,-3.07,-5.33,-3.77,-4.29,-2.26,-4.17,-5.23,-4.62,-3.98
199412,0.06,1.69,3.21,1.01,0.88,0.71,2.02,1.46,2.14,1.28
199501,1.67,2.53,1.09,3.85,2.82,3.5,2.6,1.52,1.07,2.14
199502,3.37,3.78,5.77,3.65,3.63,2.69,3.08,5.13,5.9,5.3
199503,3.11,2.82,2.96,3.18,2.71,2.14,1.1,2.9,1.65,1.42
199504,1.46,2.8,1.48,2.94,4.06,1.97,2,4.1,3.61,5.64
199505,2.9,3.83,3.42,1.72,3.13,4.73,4.83,4.18,4.83,5.18
199506,5.54,3.87,1.82,2.72,1.42,0.76,1.89,2.98,1.96,3.56
199507,4.73,3.48,4.53,3.32,3.91,4.49,4.11,4.07,4.32,2.78
199508,0.01,0.41,-0.07,2.32,0.02,1.1,1.38,2.69,4.44,3.44
199509,4.26,6.58,1.53,5.04,1.89,2.51,4.11,4.71,2.57,2.5
199510,0.26,-1.18,0.94,-1.88,-0.95,0.09,-2.89,-2.51,-3.43,-3.84
199511,4.54,4.7,1.41,4.13,4.46,3.68,6.63,5.43,5.34,4.46
199512,-0.25,1.41,1.17,2.8,3.58,2.53,1.19,1.87,1.57,2.43
199601,2.84,3.38,1.43,3.5,1.45,4.17,2.68,2.77,3.05,1.88
199602,2.08,1.79,2.89,0.8,1.26,2.11,1.7,1,2.3,0.92
199603,0.27,0.09,0.5,2.26,2.16,0.16,2.77,1.32,2.69,2.61
199604,3.37,2.01,6.06,1.04,2.62,1.15,0.46,-0.63,0.28,1.87
199605,4.44,4.42,2.04,0.56,1.19,0.7,2.39,2.64,2.84,2.82
199606,-0.55,-0.01,-1.2,0.06,-0.1,-0.34,-1.53,0.88,-1.64,-2.76
199607,-6.46,-6.57,-4.97,-5.31,-4.36,-2.59,-4.05,-4.62,-5.61,-4.51
199608,3.19,1.62,2.31,3.6,3.48,5.37,3.02,4.31,3.22,4.04
199609,7.93,5.91,5.2,3.8,3.67,4.93,3.66,3.32,3.49,0.74
199610,-0.55,1.03,0.89,1.61,2.86,4.28,3.23,4.38,3.71,4.12
199611,6.17,7.87,6.19,6.78,5.27,10.02,7.48,6.74,5.66,7.47
199612,-2.88,-0.86,-0.31,0.02,-0.88,-2.24,-0.07,-0.86,-0.44,-0.62
199701,7.97,5.57,5.15,5.13,4.25,4.84,3.06,4.53,3.77,4.06
199702,-1.41,0.6,-0.75,-0.45,-0.17,0.49,2.95,1.9,2.54,2.85
199703,-6.86,-4.7,-5.01,-0.62,-1.45,-4.22,-5.01,-3.76,-4.6,-3.82
199704,8.6,4.47,2.93,3.04,3.27,5.59,2.96,3.19,1.71,3.27
199705,8.29,6.18,7.8,7.19,6.24,5.27,5.63,7.11,7.48,5.43
199706,4.88,3.19,3.87,3.48,4.74,5.51,4.89,4.73,4.75,2.17
199707,6.98,8.94,6.03,9.11,9.54,7.95,6.22,6.8,8.03,7.84
199708,-5.79,-5.34,-2.87,-2.19,-4.36,-2.51,-3.84,-0.99,-1.54,-0.01
199709,4.89,5.74,6.2,5.15,6.45,6.24,6.77,6.75,5.86,6.84
199710,-2.56,-4.02,-3.48,-4.98,-3.78,-2.22,-2.97,-1.74,-3.16,-3.64
199711,3.88,4.51,5.76,1.84,2.24,3.2,3.57,3.62,3.59,-0.65
199712,0.31,1.51,2.42,0.28,2.73,3.98,3.92,3.55,3.57,3.79
199801,3.39,2.7,1.41,-2.39,-2.96,-3.05,-0.8,-1.01,-0.26,1.64
199802,7.96,6.73,5.48,7.82,9.26,7.51,7.47,5.97,7.08,10.21
199803,3.97,5.45,5.96,4.05,5.91,4.4,6.77,4.84,6.43,7.49
199804,0.49,2.06,0.49,2.73,1.4,1.17,1.18,0.51,1.31,1.71
199805,-2.96,-3.08,-1.68,-2.84,-2.82,-3.57,-2.02,-1.3,-0.54,3.77
199806,8.09,4.55,2.06,-0.18,2.69,0.67,2.55,1.2,0.5,2.93
199807,-1.34,-0.15,-0.53,-3.56,-4.42,-3.04,-4.44,-6.42,-3.52,-1.82
199808,-14.56,-13.89,-14.37,-21.2,-18.41,-16.07,-14.89,-11.73,-14.37,-17.86
199809,8.78,7.95,5.55,2.8,4.39,6.05,1.26,6.16,6.79,4.4
199810,7.09,8.44,8.58,9.54,7.36,6.99,6.86,3.77,5.41,5.32
199811,7.75,7.58,5.55,7.32,3.61,5.04,5.41,3.88,4.61,5.97
199812,9.62,8.87,5.67,1.03,0.04,4.87,1.71,2.35,3.87,4.25
199901,6.36,4.67,2.68,1.89,-2.44,0.89,0.34,-3.11,0.61,6.43
199902,-5.13,-4.78,-3.24,-1.81,-0.03,-0.06,-2.41,-4.09,-3.17,-4.54
199903,6.01,1.72,1.36,2.62,5.34,3.64,3.05,1.08,-1.11,3.16
199904,-1.45,4.48,10.07,7.95,10.39,5.81,8.22,8.6,7.67,5.22
199905,-2.98,-3.4,0.06,-0.75,-1.81,-0.11,0.31,2.4,0.64,-0.84
199906,6.81,6.67,6.1,3.9,2.52,3.21,1.23,1.36,1.72,1.4
199907,-3.58,-1.29,-2.96,-3.84,-3.61,-3.28,-1.25,-3.39,-3.97,-2.12
199908,2.05,-3.4,-3.64,-4.04,-3.21,-1.42,-3.58,-3.57,-1.15,-3.69
199909,-1.88,-0.89,-3.03,-2.67,-4.45,-6.93,-7.15,-4.83,-4.66,-3.05
199910,7.33,3.82,7.84,9.55,4.88,5.4,2.34,1.01,3.19,0.57
199911,4.98,5.86,0.91,-1.81,-2.65,-2.53,-3.89,0.84,2.91,1.22
199912,10.28,6.13,4.78,0.43,1.52,2.12,2.24,5.13,2.79,5.83
200001,-5.64,-2.15,-5.27,0.26,-5.22,-3.73,-4.62,-4.49,-3.33,-3.44
200002,3.56,1.97,-2.23,-2.72,-6.39,-5.2,-3.98,3.72,0.23,1.68
200003,7.29,6.94,9.27,10.56,9.59,8.53,12.18,4.91,8.21,7.89
200004,-5.58,-3.27,-3.35,-3.74,1.34,2.83,0.89,-0.78,2.82,-5.6
200005,-3.73,-5.3,-1.88,2.16,4.79,-0.94,-0.07,-3.04,-3.39,-0.94
200006,8.51,0.72,-0.97,-4.08,-5.65,-4.21,-4.03,-1.47,-1.21,1.98
200007,-5.04,1.54,-0.93,1.06,4.78,4.05,5.69,4.4,2.86,0.84
200008,8.14,6.68,6.6,8.59,9.18,6.79,3.29,6.53,9.79,6.09
200009,-8.32,-0.61,-3.21,-0.83,1.58,4.17,4.92,2.5,-2.07,-4.48
200010,-3.91,0.93,0.6,2.57,-3.66,0.38,0.56,1.67,-0.14,2.05
200011,-13.26,-6.13,-6.73,-2.49,-6.65,0.68,-1.02,-0.6,-3.23,-3.66
200012,-2.68,2.81,8.69,8.55,7.57,9.93,8.29,10.88,7.47,5.14
200101,4.84,1.35,4.34,0.96,8.04,-4.33,0.25,-1.09,3.55,8.67
200102,-14.75,-6.59,-3.58,-2.01,-2.07,1.76,2.03,0.58,1.49,1.73
200103,-10.51,-4.95,-2.82,-2.28,-1.04,-1.36,-1.47,-1.1,-2.62,1.83
200104,10.9,6.66,5.47,5.81,4.81,3.49,5.7,3.32,6.38,6.68
200105,-0.22,1.4,1.83,2.61,3.76,2.4,-0.17,5.04,5.06,4.86
200106,-1.66,-1.9,-2.95,-2.41,-0.02,0.67,-1.3,-0.87,3.22,-2.09
200107,-1.68,-2.86,-1.38,-0.91,-1.25,-2.39,-0.85,-2.12,3.81,-0.88
200108,-7.57,-6.91,-4.45,-3.69,-2.74,-3.35,-5.46,-5.22,-5.84,-7.28
200109,-7.89,-8.9,-8.87,-11.61,-10.2,-7.17,-12.36,-11.33,-5.41,-18.84
200110,3.67,4.62,0.27,2.13,-0.23,-0.05,3.04,1.16,-7.71,2.18
200111,8.41,7.71,6.68,6.78,7.39,4.45,10.29,9.95,10.69,13.66
200112,-0.71,2.17,3.31,3.77,3.45,5.38,0.51,4.61,3.95,3.91
200201,-1.3,-0.84,-0.72,-3.39,0.46,-1.17,-0.52,2.29,-3.78,1.11
200202,-2.44,-3.78,-0.24,1.12,0.98,-0.82,-1.07,-1.19,-6.23,-1.51
200203,2.45,4.84,5.56,6.82,5.61,4.64,6.58,6.44,4.77,11.38
200204,-7.89,-7.06,-3.88,-0.62,0.08,1.08,-0.95,0.78,-10.16,3.54
200205,-2.47,-0.73,-0.23,-0.57,-1.07,-0.31,1.29,-0.55,-4.9,-1.04
200206,-8.16,-7.07,-5.98,-4.56,-4.94,-5.89,-7.11,-8.02,-8.7,-8.27
200207,-4.94,-7.67,-10.49,-9.75,-8.41,-10.09,-9.44,-12.49,-14.82,-16.26
200208,0.45,-0.4,-0.34,0.62,1.68,0.69,1.9,3.33,5.04,3.44
200209,-9.61,-12.87,-10.62,-10.81,-8.91,-8.9,-9.99,-7.98,-8.2,-16.73
200210,10.38,7.36,12.49,4.75,5.44,0.35,6.6,4.1,6.88,-0.16
200211,4.95,6.03,6.5,7.04,5.59,6.72,5.45,8.49,7.56,13.28
200212,-6.85,-5.77,-5.95,-5.45,-3.81,-2.42,-1.67,-6.43,-6.73,-3.46
200301,-2.76,-2.51,-2.93,-2.73,-1.16,-2.41,-2.93,-5.14,-4.2,-3.29
200302,-0.29,-1.99,-4,-2.21,-2.89,-2.16,-2.46,-3.74,-4.37,-6.36
200303,3.28,-0.66,0.4,-0.29,1.12,0.45,-0.13,-0.04,-2.95,-0.26
200304,6.82,8.7,9.36,9.07,9.86,7.03,9.14,10.67,12.37,8.92
200305,3.03,9.32,7.24,7.62,6.68,9.04,7.64,8.16,8.61,8.4
200306,1.45,0.41,2.18,1.36,2.71,0.53,0.53,-0.72,3.85,6.31
200307,0.92,2.98,4.32,3.86,0.25,3.78,2.62,0.93,4.02,2.58
200308,0.89,4.43,1.67,1.46,3.12,0.9,3.58,3.68,5.38,8.06
200309,-0.1,-1.73,-3.01,-0.17,-1.71,-0.52,-0.46,-3.79,-2.18,1.58
200310,3.61,5.86,8.97,6.48,6.69,9.37,8.2,7.1,7.35,8.82
200311,0.45,1.9,0.51,1.62,2.85,0.56,2.41,1.91,4.53,4.93
200312,3.58,4.86,4.21,4.85,3.75,4.9,3.79,6.52,4.26,8.5
200401,1.34,1.93,2.11,1.28,4.01,2.34,3.48,1.72,5.59,4.69
200402,1.69,0.26,1.69,2.55,1.41,1.6,1.56,2.04,3.31,-0.87
200403,-1.42,-2.67,-1.27,-0.01,-0.74,-1.46,0.77,-0.12,-0.38,-1.4
200404,1.06,-1.58,-2.68,-4.08,-1.85,-4.66,-2.27,-3.6,-3.18,-5.07
200405,1.14,1.67,1.35,1.21,-0.12,1.98,1,0.59,1.28,2.06
200406,0.85,2.43,1.27,2.68,0.98,1.41,4.79,2.49,3.42,5.65
200407,-7.01,-3.26,-2.61,-2.65,-1.25,-3.44,-3.62,-1.98,-1.41,-3.38
200408,-0.87,-0.27,-0.04,1.91,1.48,-0.08,1.34,0.07,0.91,-2.06
200409,0.52,0.88,3.21,1.07,2.65,2.96,2.75,1.19,4.47,2.66
200410,1.75,1.63,2.07,0.55,2.4,3.19,-1.33,2.43,2.42,0.12
200411,2.87,4.41,5.47,4.89,5.85,7.38,4.25,5.42,7.26,8.09
200412,4.63,3.06,2.83,3.23,1.98,2.15,5.17,4.62,2.12,4.9
200501,-3.41,-3.08,-2.7,-1.56,-3.42,-0.92,-0.68,-3.74,-0.13,-2.52
200502,0.93,0.71,6.55,1.97,2.32,3.15,1.49,1.1,4.79,3.91
200503,-1.23,-1.6,-1.88,-4.37,-1.25,-0.44,-1.95,0.21,-0.66,-1.93
200504,-1.39,-1.97,-3.58,-2.39,-2.56,-3.93,-1.75,-2.65,-3.06,-4.86
200505,4.51,3.94,2.85,4.27,2.16,3.56,2.95,3.56,3.63,6.75
200506,-0.97,-1.26,1.49,1.57,2.88,1.65,2.28,2.47,3.09,3.86
200507,4.32,5.75,4.07,2.83,2.35,2.33,5.37,3.68,4.23,6.19
200508,-1.99,-1.23,-0.64,-1.33,-0.44,-1,-0.08,1.25,-0.29,-2.24
200509,0.7,-1.07,1.7,0.07,1.83,1.04,1.62,1.29,2.47,0.33
200510,-0.42,-1,-3,-3.25,-2.86,-0.46,-1.89,-2.14,-1.49,-3.55
200511,3.65,4.39,4.58,4.03,4,3.89,3.38,3.61,3.07,2.32
200512,-0.48,-0.93,-0.64,1.91,0.64,0.85,1.09,0.37,-0.04,0.03
200601,1.67,2.93,2.4,5.43,3.45,2.8,5.65,5.21,4.6,5.7
200602,-0.35,0.19,-0.48,1.56,-0.24,1.52,0.46,-0.95,-0.17,-1.48
200603,1.56,1.41,2.86,1.52,2.04,1.73,1.15,2.51,1.37,3.25
200604,-0.5,-0.96,1.51,1.79,2,2.66,2.14,1.39,4.93,1.81
200605,-2.88,-4.33,-2.98,-3.3,-3.04,-2.49,-2.34,-1.25,-3.23,-1.54
200606,0.21,0.2,-0.93,-0.57,0.44,0.1,0.69,1.2,0.42,0.81
200607,-2.66,-1.08,0.67,0.01,-1.27,1.52,1.07,0.26,2.14,-1.56
200608,3.72,3.91,2.27,2,2.45,2.18,1.14,0.5,0.86,2.93
200609,2.92,1.9,2.35,2.72,1.9,1.42,2.57,1.32,3.27,2.08
200610,4.45,2.72,3.46,1.89,4.42,3.51,3.12,4.2,5.06,3.57
200611,1.97,0.82,3.07,1.95,2.45,3.1,2.18,2.39,1.28,1.69
200612,-0.87,0.36,1.55,0.26,3.69,1.73,1.41,3.6,3.22,2.44
200701,2.83,2.04,0.73,2.69,1.94,0.39,1.24,0.31,3.14,3.07
200702,-2.27,-1.73,-1.42,-0.63,-1.68,-2.4,-0.82,-1.24,-2.1,0.4
200703,1.19,0.25,1.31,0.96,1.88,2.36,0.86,1.02,1.13,1.2
200704,4.56,5.31,4.05,4.04,3.76,3.98,2.7,3.02,3.08,3.73
200705,3.42,2.48,4.01,4.24,3.57,4.34,2.85,4.81,3.42,2.93
200706,-2.01,-0.65,-0.24,-1.92,-2.55,-1.43,-3.1,-2.48,-2.77,2.6
200707,-0.69,-2.78,-1.65,-2.99,-5.51,-4.06,-5.42,-4.57,-5.9,-6.5
200708,1.87,1.67,1.78,2.82,1.02,1.77,2.16,0.52,-0.01,-1.91
200709,5.01,4.28,4.53,1.49,3.23,1.41,1.67,3.04,2.17,4.38
200710,6.48,1.8,0.75,3.72,0.86,1.48,-1.27,3.1,0.15,-1.51
200711,-5.06,-2.75,-2.28,-4.74,-6.27,-4.7,-7.03,-3.96,-5.45,-7.81
200712,0.06,-1.85,0.6,-0.55,-1.47,-0.83,-1.06,-1.05,-0.42,0.59
200801,-10,-6.29,-5.87,-3.95,-5.14,-5.12,-2.89,-4.79,-2.14,-6.72
200802,-5.34,0.76,-1.98,-1.11,-4.86,-1.65,-5.67,-3.1,-4.79,-6.89
200803,0.16,-0.26,2.01,-0.8,-3.29,-3.74,-3.03,-2.32,-1.35,2.78
200804,4.16,3.51,3.84,4.21,6.66,7.01,5.97,3.77,5.98,4.87
200805,2.94,4.69,-0.02,1.72,0.08,4.46,-1.59,1.79,2.03,2.13
200806,-8.15,-5.93,-7.47,-7.07,-9.66,-7.82,-12.19,-10.25,-9.57,-13.26
200807,-1.05,-1.04,-1.41,-1.88,2.85,-5.26,-3.71,8.27,5.89,2.24
200808,1.91,0.56,2.32,1.07,2.56,2.42,-1.36,0.71,2.59,5.7
200809,-10.58,-9.58,-8.65,-10.17,-6.95,-8.82,-16.17,-0.05,-4.74,-8.34
200810,-16.23,-15.06,-14.53,-18.81,-15.68,-14.52,-24.32,-24.88,-16.46,-26.36
200811,-9.55,-3.6,-5.57,-5.49,-9.19,-6.1,-8.8,-15.24,-15.36,-15.98
200812,1.31,2.68,1.86,1.73,2.95,0.04,-0.09,-0.42,4.84,3.05
200901,-4.36,-2.75,-9.24,-9.23,-11.81,-9.13,-9.14,-21.02,-13.03,-24.56
200902,-4.83,-10.57,-6.87,-12.49,-13.42,-10.26,-15.24,-18.92,-13.29,-15.48
200903,10.02,6.48,8.15,9.29,9.88,9.21,7.11,14.18,10.91,15.59
200904,10.57,5.07,8.19,9.57,13.76,10.65,14.08,14.55,17.09,34.84
200905,4.22,5.67,3.53,6.62,7.34,2.46,9.16,4.39,5.07,4.67
200906,3.11,0.84,-0.17,-2.16,0.05,-0.43,-2.53,1.28,-0.4,-0.57
200907,5.23,7.03,9.09,8.37,9.03,6.82,9.06,10.07,11.72,10.79
200908,1.1,1.47,3.91,4.06,1.65,4.87,5.6,6.06,8.69,18.2
200909,4.24,3.7,2.67,3.3,5.65,3.95,5.87,5.49,6.8,2.22
200910,-0.82,-0.39,-1.98,-1.24,-3.36,-4.45,-4.65,-4.85,-5.93,-12.28
200911,6.57,6.59,5.7,4.34,4.68,2.76,6.64,2.73,4.48,5.96
200912,2.48,0.82,4.2,2.53,2.68,6.61,4.3,2.72,5.18,1.56
201001,-3.75,-4.37,-4.04,-2.98,-1.36,-2.87,-2.16,-6.03,-3.09,-0.81
201002,2.61,2.9,4.79,2.3,2.79,3.5,4,5.1,4.45,8.84
201003,5.19,6.02,4.73,6.61,6.12,8.31,7.32,6.23,8.69,10.51
201004,0.78,0.85,2.39,3.68,1.67,3.87,1.91,0.97,5.19,4.9
201005,-7.91,-6.37,-8.18,-7.18,-8.74,-9.18,-8.63,-7.15,-8.99,-10.02
201006,-3.76,-4.34,-7.06,-6.21,-2.89,-6.99,-7.82,-7.57,-9.14,-11.95
201007,6.94,6.99,5.94,6.46,6.55,8.74,8.83,6.17,7.31,4.73
201008,-3.64,-4.85,-4.26,-4.32,-5.31,-1.67,-5.76,-5.02,-5.97,-10.02
201009,11.27,9.91,9.12,9.75,8.63,9.94,9.37,6.42,8.86,8.13
201010,5.31,3.92,4.7,4.05,4.31,4.04,2.82,1.3,3.39,-1.57
201011,0.64,-0.87,3.04,2.4,0.58,0.06,0.37,0.54,-1.34,-1.47
201012,5.15,4.18,6.01,7.41,6.3,7.74,9.8,8.03,8.22,15.68
201101,0.65,2.13,3.67,2.45,1.34,3.34,1.86,2.86,1.96,2.46
201102,2.82,1.86,3.85,4.64,4.05,6,3.08,4.85,6.4,2.32
201103,1.32,-0.7,0.04,2.12,1.45,2.04,0.82,-0.8,0.46,-2.63
201104,3.6,3.62,3.8,4.07,3.12,2.96,1.11,1.02,2.62,-0.17
201105,0.21,-0.48,-1.93,-2.08,-1.08,-1.63,-1.54,-3.11,-1.22,-4.11
201106,-0.72,-1.8,-2.34,-1.12,-2.57,-1.88,-1.31,-1.7,-1.73,-3.31
201107,1.23,-3.27,-1.88,-2.42,-2.68,-1.87,-4.09,-3.55,-3.66,-6.64
201108,-4.37,-5.14,-3.78,-7.53,-7.54,-7.62,-4.29,-5.56,-8.89,-12.96
201109,-5.21,-9.13,-5.88,-7.11,-8.04,-8.98,-7.45,-5.96,-10.72,-15.24
201110,9.14,12.13,9.96,13.71,13.53,13.68,9.79,9.82,13.27,15.38
201111,-1.03,-0.09,0.37,1.74,1.69,-0.13,0.39,0.12,-2.54,-7.16
201112,-0.79,-0.68,1.11,0.17,1.36,1.68,4.32,2.07,2.76,-1.49
201201,8.11,6.83,1.68,5.26,4.11,2.68,2.09,3.35,5.49,11.24
201202,6.98,2.5,3.64,2.78,2.43,4.61,4.65,4.02,5.31,7.43
201203,5,2.71,2.94,0.56,0.94,0.32,2.97,3.93,5.04,7.17
201204,-0.18,-0.74,-1.12,-0.3,-0.09,-0.52,-1.3,-0.04,-1.67,-5.88
201205,-6.06,-6.89,-3.89,-8.09,-6.72,-5.67,-4.18,-2.85,-9.97,-11.29
201206,2.91,2.28,3.75,4.64,4.37,4.32,5.58,4.44,4.69,6.36
201207,0.86,-0.21,2.35,1.6,0.8,0.74,1.68,0.69,-1.89,-1.33
201208,2.86,3.09,1.49,3.94,2.17,1.28,-0.31,2.29,4.69,6.61
201209,2.08,1.32,2.23,2.63,3.2,4.28,3.14,3.19,2.87,5.8
201210,-4.65,-2.55,-0.44,-1.83,-1.18,-1.82,-1.78,-0.72,-0.05,4.22
201211,1.65,1.96,-0.04,2.22,-0.14,-0.04,-0.75,0.08,1.18,-1.49
201212,-1.72,1.35,0.62,-0.09,2.06,2.01,1.52,2.82,4.26,7.45
201301,2.47,6.66,5.68,5.37,6.14,5.74,6.13,7.72,6.03,7.62
201302,0.96,0.81,2.14,-0.26,1.51,2.25,2.27,2.57,0.37,0.79
201303,3.77,3.81,3.73,3.27,5.33,3.28,4.83,4.23,4.81,3.53
201304,1.15,2.04,1.64,0.7,3.28,-0.46,1.48,0.72,2.52,2.31
201305,1.45,3.45,1.95,4.52,-0.02,2.81,-0.31,5.94,4.26,9.32
201306,-2.69,-2.14,-0.34,-0.95,-0.17,0.15,-0.11,-0.68,-1.92,-2.39
201307,6.46,5.29,5.28,4.81,5.35,4.99,5.95,5.49,6.08,7.9
201308,-2,-0.33,-3.06,-3.12,-2.99,-3.89,-2.83,-4.54,-4.27,-4.05
201309,5.77,3.6,3.58,2.76,4.1,2.51,4.37,2.56,2.91,2.74
201310,3.08,5.11,4.6,3.9,3.55,5.47,3.91,3.51,4.35,3.77
201311,3.51,3.53,3.26,2.64,1.26,2.09,1.92,2.59,3.73,6.84
201312,2.29,2.54,2.34,3.17,4.04,3.19,2.9,2.12,2.43,1.48
201401,-2.47,-4,-2.26,-3.98,-1.5,-4.27,-5.33,-2.9,-4.57,-3.73
201402,5.75,4.85,4.3,5.94,3.86,3.18,5.05,3.86,3.49,2.96
201403,-3.64,0.31,0.12,0.32,1.16,2.71,1.27,5.04,4.32,2.9
201404,-1.88,1.58,-0.3,0.19,0.78,1.02,1,0.83,-1.17,-2.61
201405,2.33,3.07,1.44,1.38,3.08,1.53,1.82,0.71,1.88,0.76
201406,2.41,2.03,1.55,1.74,4.25,1.34,4.69,2.32,3.49,3.83
201407,-0.9,-3.58,-1.04,-3.04,-1.58,-0.91,-2.02,-3.56,-2.37,-2.05
201408,6.05,4.01,4.79,4.68,2.33,3.4,2.07,3.23,5.04,4.91
201409,-1.23,-1.26,-1.62,-1.22,-2.08,-2.16,-4.51,-4.02,-1.9,-1.25
201410,2.77,3.07,3.3,1.75,2.7,2.49,-0.07,2.69,1.94,1.04
201411,2.56,4.23,4.21,2.22,1.61,4.15,0.65,-0.28,1.08,-0.26
201412,-0.91,-0.78,-1.26,0.44,-0.13,0.06,-0.61,2.11,2.51,1.67
201501,0.23,-2.34,-2.67,-2.72,-3.89,-3.82,-2.96,-4.56,-4.93,-10.2
201502,6.76,6.46,6.7,4.31,7.11,6.67,5.4,3.89,5.7,6.77
201503,-0.92,-0.93,-1.47,-0.94,-1.23,-1.5,-2.18,-0.69,-0.91,-1.39
201504,0.34,-1.24,0.77,0.23,0.27,1.36,3.18,1.3,0.57,2.41
201505,2.25,1.52,0.63,1.51,0.9,2.08,1.28,-0.09,1.53,1.18
201506,0.52,-1.7,-3.01,-1.8,-2.01,-1.98,-1.6,-2.55,-1.63,1.17
201507,4.28,2.16,2.11,2.43,1,-1.53,-0.79,-0.02,-1.47,-0.44
201508,-6.63,-6.17,-6.29,-6.21,-6.32,-4.63,-4.29,-5.49,-6.43,-6.89
201509,-3.11,-1.89,-2.45,-3.72,-3.13,-3.31,-1.49,-2.22,-5,-6.57
201510,8.05,7.89,7.44,9.37,7.9,8.56,7.39,5.21,6.49,8
201511,0.91,0.06,1.14,-0.59,-0.82,0.52,1.53,0.48,3.36,2.09
201512,-0.52,-2.69,-1.02,-2.45,-2.18,-4.34,-1.69,-2.51,-4.92,-4.94
201601,-8.63,-4.85,-2.6,-5.68,-6.25,-4.9,-4.4,-3.72,-10.05,-12.21
201602,-0.32,0.13,0.14,0.15,2.64,0.42,-0.3,1.41,-2.66,-7.17
201603,6.26,7.11,6.59,6.58,7.37,6.35,7.2,8.29,7.22,9.91
201604,1.32,-1.93,-1,-0.54,2.15,4.23,1.31,2.17,5.63,7.77
201605,2.21,1.84,2.38,1.67,3.28,1.97,0.43,-0.37,1.54,1.08
201606,-0.51,0.02,0.77,-0.9,0.06,1.76,1.64,1.71,-4.61,-6.27
201607,4.12,6.6,4.08,3.12,4.27,0.85,1.32,2.4,4.76,6.31
201608,-1.47,0.6,0.15,-0.27,0.84,1.34,0.41,3.26,2.96,6.53
201609,0.19,1.02,0.65,-0.38,1.75,0.51,-1.89,-1.33,0.98,0.39
201610,-3.57,-1.87,-1.14,-3.71,-1.5,-1.91,-1.54,0.5,1.01,-0.71
201611,2.14,0.75,3.46,5.88,3.94,7.76,6.54,10.78,11.5,19.65
201612,0.78,1.3,1.73,0.75,0.89,2.4,4.82,4.28,2.71,3.81
201701,3.17,3.58,2.87,1.63,0.8,-1.13,0.9,0.26,0.72,-0.38
201702,4.39,5.12,3.49,2.5,3.84,0.94,2.03,3.96,2.54,5.14
201703,0.97,2.01,0.32,0.26,0.09,-0.71,-1.02,-1.58,-3.03,-2.36
201704,2.28,1.42,2.32,1.2,2.49,-0.55,-0.48,-0.5,-0.66,-0.93
201705,2.45,2.9,3.24,-0.44,1.31,-0.36,-1.27,-1.68,-1.62,-2.78
201706,0.39,-0.6,0.32,1.09,-0.71,1.25,1.65,4.23,2.6,5.84
201707,1.9,2.72,2.92,0.75,2.36,0.37,2.74,1.68,2.46,1.78
201708,0.57,3.18,-0.15,-0.04,-0.11,-0.98,-1.13,-0.46,-1.42,-2.67
201709,2.22,0.52,1.85,2.11,3.63,4.56,2.66,4.68,4.99,6.04
201710,2.85,4.72,1.93,0.67,3.97,0.88,-2.09,1.33,3.18,4.27
,,,,,,,,,,
,,,,,,,,,,
  Equal Weight Returns -- Monthly,,,,,,,,,,
,Lo 10,2-Dec,3-Dec,4-Dec,5-Dec,6-Dec,7-Dec,8-Dec,9-Dec,Hi 10
196701,16.81,14.32,15.71,14.66,14.82,18.27,17.73,18.91,16.78,18.52
196702,5.19,3.81,2.18,4.08,2.88,2.54,3.8,3.82,4.23,4.71
196703,5.91,5.02,5.27,5.96,3.97,5.67,6.8,6.46,5.78,5.24
196704,5.93,4.43,3.34,3.7,2.86,4.52,3.9,4.67,2.5,3.81
196705,-1.41,-1.93,-0.9,-0.11,-1.34,-1.21,-0.54,-1.33,-1.05,-0.62
196706,8.02,6.12,6.13,6.63,6.53,8.32,9.77,8.32,7.03,8.88
196707,7.05,6.2,6.94,6.14,7.05,7.77,7.4,9.37,10.24,11.25
196708,-1.34,-0.53,0.14,-0.27,0.17,0.89,0.99,0.67,1.2,3.36
196709,6.88,5.26,5.54,6.28,6.01,5.28,5.61,7.2,4.56,4.66
196710,-0.22,-2.7,-2.49,-3.45,-3.2,-2.68,-2.28,-1.28,-2.13,-3.11
196711,0.62,0.98,0.95,2.17,0.69,-0.97,-0.11,-1.34,-0.54,-1.14
196712,7.79,8.02,5.81,6.89,7.48,6.6,8.04,8.98,8.21,9.21
196801,-3.15,-2.05,-0.47,1.57,1.02,2.41,0.78,4.96,4.88,6.41
196802,-7.4,-5.54,-5.12,-5.16,-4.92,-4.6,-4.24,-6.08,-4.84,-5.6
196803,0.4,-0.16,-1.55,-0.89,-1.8,-1.23,-0.65,-1.72,-0.86,0.12
196804,17.16,12.55,12.83,12.58,11.11,12.7,13.1,14.79,14.47,16.5
196805,10.28,6.31,7.13,7.39,7.21,6.23,6.8,10.97,10.74,12.05
196806,-1.36,0.82,1.7,2.66,2.51,3.16,1.63,2.98,1.46,1.42
196807,-5.5,-6.06,-4.03,-3.46,-3.07,-2.62,-1.58,-0.09,0.21,1.16
196808,1.92,3.42,4.35,2.91,2.9,4.42,2.16,4.06,4.87,4.78
196809,6.55,5.87,6.24,8.06,5.26,6.79,7.18,6.01,6.71,8.75
196810,-1.6,0.5,0.75,1.06,2.51,1.02,1.72,2.21,1.57,0.94
196811,7.87,6.87,7.27,7.36,6.33,8.04,7.3,6.92,8.28,5.12
196812,0.75,-0.11,-0.22,-0.26,-0.41,0.16,-1.06,-0.33,0,0.53
196901,-1.96,-0.58,-1.11,-0.32,-0.33,-0.95,0.71,-0.35,-0.22,0.06
196902,-10.45,-9.18,-8.3,-8.57,-7.02,-7.31,-8.3,-6.83,-7.46,-8.57
196903,2.71,2.52,1.62,0.56,1.61,2.45,1.91,2.37,2.72,1.92
196904,0.28,1.72,0.34,-0.16,1.42,-0.18,0.87,0.11,1.88,-0.14
196905,-0.64,1.11,-0.6,0.23,0.83,1.62,0.93,0.21,0.75,-0.57
196906,-11.79,-11.33,-11.2,-10.65,-9.98,-11.34,-10.19,-10.43,-11.38,-10.52
196907,-10.65,-10.81,-9.97,-10.42,-8.46,-8.51,-8.67,-6.81,-7.67,-8.37
196908,6.76,7.05,6.21,4.9,5.47,4.24,3.21,2.92,3.71,2.57
196909,-1.85,-1,-2.67,-3.23,-4.18,-2.59,-2.65,-2.49,-3.52,-2.12
196910,12.25,11.09,10.11,11.2,8.68,9.29,6.82,8.2,6.79,6.47
196911,-5.72,-5.86,-5.74,-6.19,-4.47,-5.76,-4.49,-6.51,-5.76,-6.27
196912,-6.17,-7.42,-6.79,-6.25,-5.63,-5.7,-6.08,-5.94,-6.37,-8.12
197001,-6.06,-4.81,-4.22,-4.03,-4.48,-4.17,-3.32,-4.05,-2.61,-0.27
197002,2.82,3.8,3.55,4.19,4.1,5.09,5.54,6.23,6.74,4.85
197003,-5.63,-5.06,-2.32,-2.8,-0.21,-0.4,0.96,-0.39,0.66,-0.7
197004,-22.38,-19.23,-15.95,-17.15,-13.96,-13.96,-12.08,-10.29,-11.32,-10.97
197005,-8.97,-10.29,-9.51,-8.57,-9.26,-9.1,-7.49,-6.99,-7.94,-10.12
197006,-10.61,-9.32,-7.79,-8.03,-6.37,-6.53,-5.41,-6.68,-7.07,-7.1
197007,4.69,7.25,5.99,5.37,7.73,5.11,7.45,6.35,6.17,4.37
197008,7.18,5.58,7.1,7.25,5.68,6.05,5.7,7.48,5.71,6.12
197009,18.6,15.6,15.96,11.8,10.56,11.73,7.82,9.14,11.66,11.48
197010,-6.8,-5.88,-6.91,-5.67,-7.52,-7.35,-4.12,-5.67,-5.48,-5.47
197011,-0.24,0.73,-0.66,0.29,1.32,0.75,2.38,2.53,0.05,0
197012,6.56,6.86,7.09,8.55,9.57,8.9,9.35,10.37,9.84,8.83
197101,9.6,11.99,13.82,13.49,13.44,13.7,13.4,13.48,15.45,16.6
197102,5.65,6.1,4.6,4.55,4.12,4.16,2.65,3.5,4.02,4.39
197103,8.4,6,6.95,5.21,5.8,5.49,4.41,4.48,4.85,5.22
197104,2.92,2.42,3.43,1.7,2.7,2.44,3.68,1.7,2.92,4.38
197105,-3.55,-5.78,-3.85,-6.02,-6.3,-5.14,-4.69,-4.54,-4.78,-6.46
197106,-0.35,-0.5,-1.72,-1.02,-1.83,-0.75,-1.31,-2.93,-2.3,-3.48
197107,-6.64,-5.36,-6.68,-4.45,-5.81,-5.31,-6.2,-5.72,-5.57,-5.56
197108,5.51,3.58,6.08,4,2.46,2.59,3.92,5.19,4.58,6.61
197109,1.53,-0.13,0.3,-0.7,-1.09,-0.36,-1.33,-1.2,-0.64,-2.88
197110,-5.99,-6.08,-5.97,-6.02,-4.85,-4.49,-4.57,-5.48,-6.31,-6.87
197111,-1.3,-2.76,-2.78,-2.6,-3.1,-2.6,-3.1,-3.52,-4.44,-5.39
197112,12.68,13.2,12.05,12.2,10.84,11.19,11.08,12.4,12.86,12.57
197201,8.36,5.79,8.28,8.85,7.19,8.4,8.84,10.79,14.46,16.86
197202,5.92,4.87,4.82,3.49,4.35,2.28,2.84,3.45,3.76,5.31
197203,1.43,1.19,0.97,0.12,-1.31,0.16,-0.47,-0.9,-0.95,0.22
197204,0.06,-0.72,-0.22,-0.3,-1.01,0.38,0.81,1.33,0.66,1.13
197205,0.71,-1.39,-1.83,-2.12,-2.31,-2.23,-1.74,-2.49,-2.88,-2.39
197206,-2.7,-3.5,-3.37,-3.39,-3.29,-3.22,-3.04,-3.63,-4.1,-4.39
197207,-3.99,-2.81,-4.45,-3.13,-3.36,-2.52,-2.18,-1.89,-2.06,-2.94
197208,-0.71,0.51,0.37,0.73,2.39,2.07,2.84,1.62,3.22,1.78
197209,-1.85,-3.75,-3.78,-3.38,-2.99,-3.11,-3.09,-2.93,-3.46,-3.37
197210,-2.31,-1.16,-2.12,-1.72,-0.55,0.01,0.74,-2.24,-1.76,-1.95
197211,3.18,4.16,4.98,5.39,5.01,5.95,6.24,5.67,5.71,6.33
197212,0.7,-0.44,-2.08,-2.43,-2.47,-2.21,-2.6,-2.73,-2.57,-3.15
197301,-7.46,-6.88,-6.25,-5.09,-5,-3.6,-2.59,-2.7,-1.27,-1.21
197302,-9.88,-9.54,-7.93,-7.85,-8.71,-6.02,-5.44,-6.67,-5.66,-5.91
197303,-5.49,-3.48,-3.74,-4.02,-2.92,-1.13,-1.33,-2.07,-2.24,0.16
197304,-12.28,-10.09,-9.32,-7.35,-6.24,-5.28,-5.52,-5.29,-4.66,-5.35
197305,-7.72,-8.69,-10.16,-8.68,-7.49,-7.51,-6.83,-6.12,-9.27,-8.64
197306,-4.27,-5.84,-4.43,-2.54,-4.2,-3.49,-1.87,-2.88,-2.5,-1.27
197307,18.05,16.51,14.58,12.57,12.23,7.79,10.07,9.68,9.12,9.95
197308,-3,-4.63,-4.77,-6.04,-5.03,-4.12,-4.59,-4.64,-4.64,-3.21
197309,9.98,11.02,10.25,9.91,8.77,9.15,7.7,6.89,6.8,6.3
197310,-3.1,-2.42,-0.55,0.76,0.66,1.02,-0.08,0.91,0.53,2.28
197311,-22.47,-20.79,-19.83,-20.04,-17.82,-15.94,-15.47,-15.57,-17.6,-16.73
197312,-2.6,-2.65,-3.6,-4.24,-2.83,-1.31,-3.89,-2.88,-4.66,-5.03
197401,6.71,8.72,12.64,14.24,14.16,12.17,14.18,13.77,18.56,21.37
197402,-1.18,-0.63,0.12,1.06,0.69,1.77,1.52,1.05,2.62,1.94
197403,-0.69,1.23,0.01,-0.03,0.15,-0.01,-0.16,1.17,1.42,3.31
197404,-5.79,-6.58,-6.64,-6.48,-5.4,-5.61,-5.63,-4.54,-3.46,-3.44
197405,-6.19,-7.99,-8.08,-6.69,-6.87,-7.05,-7.57,-6.28,-6.39,-6.02
197406,-3.84,-2.83,-3.18,-3.05,-3.15,-2.51,-3.33,-2.47,-2.04,-0.99
197407,-10.2,-6.64,-5.08,-4.24,-4.14,-3.43,-4.06,-3.88,-3.91,-3.11
197408,-9.57,-10.47,-9.52,-8.1,-8.18,-7.42,-7.15,-7.3,-7.4,-6.7
197409,-14.58,-10.42,-8.8,-7,-6.3,-6.9,-6.58,-6.64,-7.14,-8.05
197410,22.55,16.14,11.48,8.35,7.77,7.5,9,6.66,7.75,8.16
197411,-5.48,-4.52,-4.88,-4.21,-4.76,-3.92,-4.32,-5.49,-6.02,-6.94
197412,-6.32,-6.97,-6.68,-5.37,-6.95,-6.2,-6.5,-8.16,-8.94,-11.55
197501,23.25,25.47,27.09,29.69,29.96,29.17,29.75,32,33.24,40.76
197502,10.31,6.44,5.87,3.97,3,3.76,3.78,4.16,3.56,6.48
197503,7.78,8.06,9.67,8.3,8.24,8.07,7.61,9.27,10.63,12
197504,7.77,5.24,6.32,3.35,3.02,3.76,2.97,2.87,2.84,1.75
197505,9.02,9.35,9.24,7.65,7.2,6.72,8.44,7.03,7.64,6.91
197506,6.43,7.51,7.32,8.31,8.03,7.98,7.53,9.86,8.44,8.34
197507,-5.54,-2.59,-2.35,-1.72,-1.93,-1.49,-0.4,0.76,0.05,1.53
197508,-5.15,-4,-5.56,-3.78,-4.06,-4.26,-3.58,-5.33,-5.56,-7.09
197509,-4.19,-5.66,-3.53,-2.49,-3.24,-3.42,-3.18,-2.96,-3.01,-4.52
197510,2.79,2.99,2.04,3.54,3.11,2.57,2.84,1.6,1.65,-0.51
197511,1.29,1.66,2.65,2.03,2.71,1.61,2.28,2.84,2.36,2.78
197512,-1.75,-1.01,-0.54,-0.13,-0.39,-0.17,-0.3,-0.38,-0.36,-0.13
197601,13.6,13.95,15.21,17.88,18.96,20.18,19.85,22.73,24.34,27.4
197602,3.66,5.96,7.13,6.79,9.34,9.01,10.3,14.42,15.65,23.22
197603,3.03,1.27,0.71,2.85,1.51,2.45,2.37,2.14,2.53,2.17
197604,-1.18,-0.33,-0.84,-0.92,-1.51,-1.58,-0.23,-0.97,-0.32,-1.31
197605,-1.77,-0.72,-0.91,-2.46,-1.06,-1.61,-2.17,-2.23,-3.57,-4.52
197606,2.86,4.41,3.69,3.05,3.32,4.26,3.32,3.39,2.21,1.71
197607,-1.05,-0.89,-0.51,-0.64,0.17,1.31,0.38,0.28,1.34,0.3
197608,-3.64,-3.51,-1.42,-1.12,-0.37,-1.49,-1.16,-1.39,-1.06,-2.55
197609,1.04,2.67,2.5,1.81,2.26,0.69,2.61,2.09,0.99,0.74
197610,-3.19,-2.34,-2.06,-1.81,-2.35,-1.92,-2.03,-2.54,-1.99,-2.85
197611,2.41,3.5,1.87,3.42,1.93,2.14,3.05,3.08,2.78,1.35
197612,8.67,10.33,9.43,9.07,9.87,9.6,10.28,11.09,10.08,12.16
197701,-1.81,1.46,2.42,2.93,2,1.79,4.38,3.89,4.8,7.39
197702,-0.8,-0.89,-0.58,-0.78,-1.18,-0.22,-0.73,0.6,1.36,1.06
197703,-0.37,1.46,0.45,-0.04,1.24,1.01,1.08,0.96,1.8,1.21
197704,0.6,1.23,0.74,1.28,1.83,0.76,2.14,3.44,2.3,2.09
197705,-1.72,0.33,-0.32,-0.45,0.62,-0.19,0.45,0.93,0.96,1.15
197706,5.91,6.47,5.01,5.96,6.07,6.15,4.32,5.88,5.67,5.88
197707,0.67,0.02,-0.32,0.28,0.84,0.12,0.96,0.28,1.32,2.62
197708,0.62,0.45,-0.54,-1.15,-0.47,-1.06,-0.77,-1.15,-0.91,-1.52
197709,0.87,2.29,1.09,0.66,1.2,2.19,0.82,0.88,1.09,1.21
197710,-3.75,-4.3,-2.17,-2.84,-2.66,-2.59,-1.36,-1.69,-2.1,-1.68
197711,7.47,8.01,7.09,7.3,7.22,6.79,6.26,6.43,8.93,7.2
197712,2.24,2.45,1.9,1.75,1.29,2.6,1.66,2.14,1.7,2.28
197801,-3.04,-3.29,-3.99,-4.14,-2.1,-2.29,-0.95,-0.14,0.08,1.57
197802,0.91,1.67,1.2,2.41,2.28,2.43,2.12,3.27,2.96,3.69
197803,6.05,6.54,6.43,7.21,7.02,5.91,6.55,6.05,7.34,8.19
197804,9.88,10.14,8.63,7.87,8.25,6.94,7.14,6.74,8.33,8.7
197805,7.29,6.37,5.8,6.34,6.57,7.62,6.08,6.93,7.55,8.56
197806,-0.02,-0.61,0.2,0.62,0.52,1.11,1.14,0.38,0.63,2.22
197807,5.89,7.41,6.22,4.85,5.59,5.48,4.28,5.48,4.8,4.47
197808,9.86,9.39,7.77,9.59,8.84,8.96,8.41,7.76,9.93,11.26
197809,-0.53,-0.96,-0.76,0.44,-0.62,-1.07,1.14,-0.1,0.99,2.45
197810,-22.36,-20.29,-19.47,-17.82,-16.89,-17.98,-16.31,-15.93,-18.37,-20.07
197811,7.94,5.19,5.42,5.32,4.12,5.13,3.62,3.49,3.83,2.9
197812,2.59,1.86,1.84,2.34,1.51,1.89,1.1,1.62,0.85,-0.95
197901,8.75,8.82,9.32,8.21,8.06,9.3,9.68,9.13,9.68,13.49
197902,-2.9,-3.04,-3.74,-1.97,-2.12,-2.43,-2.35,-2.14,-1.39,-1.09
197903,11.38,9.45,9.68,6.49,8.55,7.84,7.81,7.08,7.66,7.92
197904,2.16,2.35,2,2.49,1.73,2.2,3.26,3.07,2.7,3.79
197905,-1.77,-2.37,-1.74,-0.61,-1.94,-0.08,0.4,4.92,-0.33,-0.51
197906,6.8,5.7,5.99,5.35,5,5.17,5.68,4.73,4.3,5.33
197907,1.8,2.05,2.49,2.82,2.76,3.13,2.87,2.12,2.61,2.34
197908,9.54,8.39,8.3,7.83,6.47,6.64,6.84,6.69,7.06,7.11
197909,0.04,0.36,-0.57,0.27,-1.06,-0.41,-0.43,-0.65,-0.56,-0.39
197910,-9.79,-9.2,-9.63,-9.32,-9.93,-9.44,-9.42,-9.55,-9.49,-9.95
197911,9.89,8.98,8.3,6.75,6.23,5.61,6.09,5.18,5.12,3.84
197912,9.97,8.58,6.74,6.21,4.59,4.73,5.54,4.25,5.58,5.32
198001,11.34,11.05,8.8,8.67,8.59,7.78,9.63,5.8,10.41,11.94
198002,0.9,-1.61,-0.96,-2.24,-1.26,-2.6,-2.02,-2.54,-1.1,-1.06
198003,-19.26,-17.1,-15.99,-15.45,-15.04,-14.76,-13.71,-13.3,-14.88,-16.27
198004,5.32,5.65,4.56,5.99,5.89,6.51,5.71,6.23,5.26,2.93
198005,6.94,8.01,7.35,7.38,7.81,7.66,7.31,6.33,7.92,6.67
198006,4.09,5.09,4.86,3.95,3.93,3.56,3.9,4.48,4.6,3.35
198007,11.93,12.74,12.54,9.53,8.77,9.66,7.45,6.69,7.11,7.93
198008,9.76,8.18,7.78,7.7,5.43,5.35,5.42,5.1,4.62,5.82
198009,7.17,6.23,4.04,5.33,4.37,2.76,3.26,1.7,3.53,4.16
198010,7.21,4.1,5.55,2.45,3.04,2.66,2.22,3.35,1.77,2.59
198011,14.81,10.65,7.48,7.41,6.13,4.53,1.75,2.37,1.67,1.97
198012,-5.34,-2.36,-4.7,-3.73,-2.75,-1.87,-1.6,-1.58,-1.76,-3.06
198101,-4.02,-1.2,-0.26,-0.07,1.17,1.74,1.37,2.21,3.66,4.15
198102,-2,0.64,1.73,0.76,2.06,1.68,2.1,1.49,1.54,2.2
198103,7.15,7.13,7.04,9.38,7.9,8,9.29,8.62,6.88,8.33
198104,1.78,1.49,3.79,4.05,2.46,3.53,2.95,2.54,5.02,4.32
198105,3.56,3.29,2.88,3.43,4.01,3.16,1.87,2.29,2.01,3.85
198106,-6.42,-1.72,-1.2,1.22,0.39,1.78,2.77,1.88,1.9,1.64
198107,-2.94,-1.86,-2.89,-2.52,-2.73,-1.49,-3.03,-1.18,-0.93,-1.85
198108,-11.21,-9.02,-9.26,-5.99,-6.4,-6.06,-5.83,-4.79,-4.12,-5.07
198109,-12.76,-9.09,-7.62,-7.99,-7.67,-6.27,-6.24,-5.23,-5.63,-6.6
198110,10.11,11.27,7.85,5.95,7.82,6.01,6.13,5.94,4.79,3.28
198111,-2.33,2.52,2.86,4.22,3.37,3.35,3.94,3.33,4.26,1.71
198112,-4.49,-0.71,-2.05,-1.23,-1.34,-1.61,-1.12,-1.88,-0.7,-1.85
198201,-3.41,-3.26,-1.37,-2.49,-1.53,-2.03,-1.56,-0.98,0.34,0.19
198202,-8.97,-5.45,-4.32,-3.56,-2.26,-3.2,-2.61,-1.72,0.3,-0.62
198203,-3.37,-0.91,-0.33,-0.91,-1.47,0.74,-0.64,0.8,1.63,0.15
198204,6.2,6.47,5.8,5.74,5.29,4.46,5,4.76,4.17,5.12
198205,-4.03,-2.55,-1.74,-2.58,-1.83,-2.25,-1.69,-1.32,-1.98,-0.64
198206,-7.09,-2.7,-2.29,-2.03,-1.56,-2.46,-1.65,-0.09,-1.84,-0.92
198207,-3.51,-1.37,-2.21,-1.35,-1.26,-0.89,-1.21,-1.35,-0.69,0.11
198208,5.77,6.05,8.43,7.53,7.03,8.42,6.21,6.72,7.04,4.6
198209,1.43,1.58,1.36,3.44,5.85,5.21,3.47,3.85,4.7,4.19
198210,16.13,15.76,12.88,13.01,11.06,12.61,12.42,11.32,11.66,11.69
198211,8.58,8.51,9.12,8.33,9.17,9.97,10.5,8.91,9.97,11.62
198212,2.19,1.93,1.97,3.25,3.31,1.91,2.4,0.64,2.45,3.57
198301,16.35,12.95,8.87,8.96,6.63,8.24,9.08,7.11,5.83,10.03
198302,2.92,4.65,4.3,5.56,6.56,7.79,6.11,6.37,6.4,9.29
198303,2.66,4.2,4.53,6.01,6.55,6.09,6.38,5.14,7.2,6.78
198304,7.89,6.03,7.36,7.59,8.77,9.18,8.49,7.02,7.01,8.72
198305,12.47,9.69,9.09,8.44,7.6,6.13,6.99,6.8,7.66,9.2
198306,5.02,6.45,5.58,7.16,5.6,3.59,2.79,2.21,2.47,6.28
198307,-5.87,-4.02,-3.28,-2.2,-1.49,0.65,0.92,1.15,0.75,1.55
198308,-5.89,-3.8,-3.59,-3.57,-3.09,-1.89,-2.47,-1.91,-0.54,-1.23
198309,-2.38,0.41,0.77,0.83,1.29,1.17,1.67,2.97,2.11,0.74
198310,-10.31,-7.83,-5.62,-5.64,-4.85,-4.38,-2.65,-2.73,-0.92,-3.32
198311,3.72,4.09,2.63,2.53,3.24,3.45,2.74,3.76,3.36,2.9
198312,-5.25,-2.94,-1.65,-2.02,-1.19,-1.46,-0.95,0.19,0.54,-0.27
198401,-2.59,-2.31,-0.77,1.22,0.04,1.48,1.38,1.8,2.59,4.15
198402,-7.47,-6.09,-7.31,-6.38,-4.2,-5.86,-4.07,-2.89,-3.44,-4.28
198403,-1.19,-0.43,0.89,1.85,1.74,0.79,1.24,2.48,2.03,2.64
198404,-3.92,-1.06,-1.73,-1.76,-1.05,-0.42,-1.39,-1.1,-0.55,-1.65
198405,-6.52,-5.15,-4.93,-3.34,-4.76,-5.44,-2.99,-4.07,-4.77,-2.39
198406,2.05,2.6,3.29,2.25,1.69,1.87,1.23,1.49,1.08,0.51
198407,-7.13,-5.41,-4.83,-4.84,-4.84,-3.6,-2.56,-3.39,-1.33,-2.73
198408,10.9,10.82,10.05,10.58,8.93,8.88,8.22,8.36,9,7.53
198409,-3.37,-1.24,-0.26,-0.32,-0.9,1.81,2.26,1.45,2.23,2.57
198410,-3.46,-3.58,-2.55,-1.65,-2.7,-0.01,-2.07,-1.15,-0.9,-0.57
198411,-6.9,-3.72,-3.59,-3.07,-1.98,-1.42,-2.03,-1.6,-0.98,-1.39
198412,-0.03,1.56,0.59,0.24,0.45,0.95,0.59,0.87,1.48,1.14
198501,16.34,13.31,14.46,12.46,12.18,10.09,11.54,9.4,7.61,8.65
198502,5.27,5.19,5.45,5.48,3.12,4.94,4.56,3.55,1.84,4.65
198503,-2.12,-3.1,-1.6,-3,-2.63,-0.29,-0.31,-0.08,1.44,1.13
198504,-3.21,-1.4,-2.47,-1.81,-0.89,-1.2,0.5,1.22,-0.11,0.31
198505,1.99,2.21,4.25,4.34,2.46,3.13,2.74,2.7,2.33,2.01
198506,-0.79,0.54,0.34,0.14,0.16,1.43,1.12,0.65,1.05,6.61
198507,0.98,2.38,2.38,2.39,2.53,2.06,0.16,0.68,0.44,3.35
198508,-1.71,-1.42,-1.23,0.09,-0.2,-0.36,0.15,-0.25,-0.76,-0.21
198509,-8.12,-7.18,-5.49,-4.81,-4.44,-4.76,-4.89,-4.41,-4.5,-4.83
198510,0.67,2.33,2.71,1.22,2.73,3.46,3.42,3.55,2.47,-0.49
198511,5.42,5.64,5.68,6.49,4.78,6.32,5.23,4.69,4.55,6.27
198512,2.9,2.68,3.71,4.71,4.07,2.65,2.99,2.76,3.17,0.93
198601,3.92,4.69,3.1,4.02,2.73,3.2,1.17,3.54,4.16,5.21
198602,5.83,7.72,6.13,6.01,6.27,6.91,6.45,6.96,6.05,5.62
198603,4.1,4.13,5.39,5.02,5.55,5.72,4.44,4.85,6.06,5.76
198604,1.54,1.4,2.44,1.67,0.69,0.59,0.76,1.6,0.64,0.35
198605,3.05,3.45,2.89,4.81,4.03,4.01,5.23,4.12,2.1,3.89
198606,0.22,0.71,-0.01,-0.99,-0.31,0.39,1.35,2.29,2.83,1.33
198607,-10,-8.82,-9.43,-7.27,-6.88,-8.07,-6.82,-4.26,-3.95,-8.01
198608,0.13,2.08,1.93,1.92,2,3.93,4.33,3.11,4.16,3.29
198609,-8.53,-8.25,-8.7,-6.13,-5.44,-4.53,-4.32,-3.62,-4.79,-3.05
198610,2.31,6.15,4.05,1.88,3.25,2.3,4.45,1.62,2.67,1.11
198611,-1.85,-0.92,0.9,-0.26,-0.18,0.19,0.16,0.36,-0.02,-0.94
198612,-5.89,-3.16,-3.48,-2.44,-3.26,-3.2,-1.81,-3.34,-3.04,-2.39
198701,12.21,12.15,11.35,11.95,11.7,10.87,12.3,9.92,11.19,11.53
198702,10.38,9.85,7.67,9.03,6.97,5.53,6.09,5.73,6.39,5.97
198703,2.53,2.32,3.17,5.02,2.79,2.08,2.83,4.05,3.07,6.66
198704,-3.05,-3.19,-1.01,-2.84,-2.45,-1.85,0.11,-1.75,-1.49,0.17
198705,0.13,0.3,-1.09,-0.21,0.41,0.29,-0.14,0.36,0.15,4.87
198706,1.72,3.19,3,3.19,3.24,2.97,4.32,2.86,4.14,2.82
198707,1.88,3.12,3.25,2.64,3.04,3.91,3.96,4.09,4.98,7.85
198708,0.7,2.28,1,2.97,2.49,2.27,2.19,3.46,1.46,1.3
198709,-2.89,-1.76,-0.72,-1.67,-0.31,-1.17,-1.1,0.14,-0.89,-1.33
198710,-32.56,-29.49,-30.08,-29.09,-28.09,-26.23,-25.05,-24.1,-27.03,-25.47
198711,-8.1,-6.99,-5.29,-4.99,-6.12,-4.68,-4.49,-4.69,-3.27,-4.69
198712,3.11,5.54,5.5,5.35,5.85,3.76,2.6,3.8,2.67,1.52
198801,8.31,6.57,8.21,7.65,6.04,7.86,5.98,7.01,6.81,9.84
198802,6.35,7.06,7.8,8.98,7.43,6.48,6.56,7.48,7.56,5
198803,3.17,3.56,2.98,4.58,3.59,4.08,4.34,2.11,4.27,4.59
198804,0.3,1.24,1.58,0.93,2.52,2.76,0.14,1.41,1.53,3.45
198805,-3.84,-1.68,-2.35,-1.63,-1.78,-0.49,-0.64,-0.64,0.83,-0.52
198806,5.37,5.35,5.51,7.56,6.39,5.85,5.67,4.59,4.37,4.69
198807,-0.56,-1.44,-0.66,0.22,-0.48,-0.01,1.06,0.23,0.2,-0.11
198808,-3.42,-3.91,-2.44,-3.18,-1.46,-2.26,-0.32,-1.12,-0.85,-1.47
198809,2.48,2.24,2.35,2.3,1.74,3.13,2.31,1.68,3.74,1.88
198810,-3.39,-2.63,0,-1.94,-0.11,-0.51,-0.74,-1.08,-0.24,-1.04
198811,-6.09,-3.21,-4.91,-3.59,-3.4,-3.32,-3.76,-2.63,-3.25,-3.77
198812,1.68,2.77,3.37,2.72,3.25,2.26,5.26,3.08,2.54,0.94
198901,6.25,5.71,8.84,7.26,4.12,6.55,5.1,4.52,6.35,8.89
198902,-0.54,1.34,1.48,0.8,0.68,1.12,0.17,1.15,0.5,0.34
198903,0.64,0.58,1.15,3.56,3.16,3.11,2.36,2.41,2.15,2.84
198904,2.86,3.44,5.31,3.34,3.43,3.94,3.23,3.12,3.35,3.96
198905,3.01,2.33,3.39,3.99,2.43,3.01,2.07,4.17,3.98,4.63
198906,-3.31,-2.71,-2.11,-1.33,-1.7,-1.27,0.74,1.03,0.18,0.56
198907,2.87,3.05,5.07,4.75,3.36,3.26,3.48,3.64,1.24,1.65
198908,1.48,2.79,0.32,2.06,2.48,2,2.83,2.02,0.31,2.22
198909,1.34,0.74,-0.03,-0.95,-0.15,-0.99,0.1,1.35,0.18,0.17
198910,-3.51,-4.16,-5.9,-6.12,-5.57,-5.06,-4.47,-4.49,-4,-6.25
198911,-1.51,-0.57,0.26,-0.44,0.87,-1.03,-0.22,-0.71,-1.59,-3.71
198912,-2.14,-0.08,-0.38,-0.81,0.13,-1.25,-0.97,0.29,-0.3,-2.45
199001,-6.41,-6.68,-7.05,-6.53,-5.41,-4.46,-5.9,-5.8,-4.49,-4.09
199002,1.75,2.43,1.95,2.18,1.64,2.3,2.04,3.11,3.6,1.09
199003,4.32,3.09,3.81,3.27,3.15,3.17,2.59,3.5,3.14,0.71
199004,-0.8,-2.32,-2.55,-2.1,-1.58,-2.8,-3.12,-2.77,-3.23,-3.64
199005,7.76,7.7,6.34,6.3,6.42,4.41,5.3,4.35,3.44,1.35
199006,0.83,3.07,1.97,1.44,1.36,0.27,-1.4,0.24,-0.77,0.19
199007,-3.69,-2.54,-3.77,-3.64,-4.01,-2.83,-1.97,-2.41,-3.1,-2.14
199008,-14.51,-14.22,-13.71,-12.47,-11.02,-10.78,-10.46,-9.23,-10.82,-9.6
199009,-9.55,-8.7,-7.5,-8.51,-7.65,-7.27,-7.4,-7.87,-6.77,-6.72
199010,-6.69,-4.7,-5.45,-4.71,-5.55,-5.57,-5.39,-3.84,-6.1,-6.88
199011,4.91,7.06,7.46,3.85,6.23,6.3,3.85,4.02,3.18,0.34
199012,0.19,1.05,1.44,1.75,0.55,1.5,2.54,0.57,0.66,-3
199101,8.57,9.66,7.52,8.57,10.74,7.76,9.89,7.92,8.62,13.23
199102,16.69,11.57,12.25,11.91,12.98,11.39,10.56,12.56,14.34,13.59
199103,9.83,6.57,6.87,10.04,6.6,5.84,6.39,8.15,7.79,9.56
199104,4.64,1.02,2.3,2.65,5.94,1.91,2.46,1.7,0.5,4.78
199105,2.7,3.62,3.24,3.78,5.29,3.61,3.72,1.33,3.49,2.61
199106,-4.83,-4.81,-3.37,-4.56,-2.53,-3.25,-3.04,-2.81,-2.8,-3.44
199107,3.13,4.73,3.72,4.65,3.68,1.87,2.48,4.01,2.64,4.48
199108,4.06,2.72,1.78,3.08,3.11,4.2,3.27,2.76,4.43,3.18
199109,2.24,0.26,3.34,-0.15,0.88,0.55,0.37,0.66,0.75,-1.48
199110,4.61,2.41,1.53,2.45,1.73,1.81,3.55,1.3,3.47,0.97
199111,-1.19,-2.41,-2.63,-3.27,-3.44,-2.19,-2.63,-3.71,-1.86,-2.71
199112,5.74,6.42,4.83,5.06,5.42,4.28,2.92,4.28,5.15,1.29
199201,16.89,13.17,12.68,12.59,10.23,7.33,13.87,14.99,13.68,30.01
199202,2.65,3.63,7.01,3.51,4.96,3.13,4.2,5.29,6.78,11.13
199203,-5.22,-1.93,-1.54,-2.43,1.3,-1.96,0.63,0.54,1.83,0.46
199204,-7.93,-3.92,-3.31,-2.42,-4.28,-2.98,-2.19,-1.94,-2.08,-1.93
199205,-1.21,-0.61,0.22,0.49,-0.03,2.64,-0.43,0.35,1.51,2.63
199206,-6.97,-6.52,-5.76,-3.73,-4.34,-3,-3.12,-2.85,-3.97,-2.48
199207,1.2,2.52,1.43,3.52,2.35,2.04,3.47,3.02,3.14,2.23
199208,-4.61,-2.24,-2.17,-3.22,-2.51,-1.18,-1.14,-1.93,-2.79,-2.85
199209,0.03,2.32,3.06,2.15,1.15,2.63,0.75,1.43,0.75,1.34
199210,2.75,2.71,2.61,2.98,2.45,0.33,1.66,1.44,1.67,2.03
199211,8.88,8.39,7.75,7.51,6.63,5.98,6.73,6.18,7.25,7.69
199212,2,1.82,2.95,4.91,2.35,3.83,4.31,4.41,5.09,6.41
199301,4.37,4.11,6.56,5.32,7.18,4.41,5.75,5.22,6.43,11.63
199302,-6.45,-4.51,-3.61,-1.31,-0.03,2.41,2.25,1.65,0.47,1.83
199303,1.21,1.7,3.34,1.66,2.54,3.32,2.59,2.19,2.9,5.21
199304,-3.82,-2.81,-3.89,-2.99,-0.9,-1.47,-1.33,-2.38,-0.69,0.44
199305,5.92,5.18,4.02,6.21,3.21,2.8,2.36,2.69,4.63,4.76
199306,1.24,-0.59,0.84,0.23,3.69,0.63,0.52,1.91,2.21,2.19
199307,-1.39,-0.28,-0.35,0.6,1.96,0.26,2.34,1.77,3.76,2.32
199308,4.74,4.5,4.34,5.85,2.67,4.82,4.1,3.55,3.5,2.1
199309,2.45,2.29,1.9,3.12,3.74,2.21,1.86,2.49,3.62,3.04
199310,4.62,3.78,4.14,1.98,4.11,2.83,3.75,3.15,4.59,4.63
199311,-3.71,-2.19,-2.5,-2.45,-2.04,-2.32,-3.54,-1.23,-1.53,-1.06
199312,-0.1,1.36,1.44,3.12,3.1,1.81,1.34,1.66,-0.08,1.51
199401,3.77,3.52,4.92,4.41,4.45,4.54,4.15,4.2,7.2,8.5
199402,-2.13,-1.91,-0.34,1.35,0.4,-0.76,-0.04,-1.01,-0.93,1.47
199403,-7.2,-5.72,-3.94,-4.6,-4.39,-3.92,-3.15,-3.56,-2.68,-3.21
199404,-4.6,-2,-1.09,-0.81,-0.16,-0.73,-0.12,0.29,0.73,0.05
199405,-1.82,-1.02,-0.77,-0.11,-0.1,2.12,-0.26,-0.45,0,1.24
199406,-6.31,-4.39,-3.93,-2.58,-1.7,-2.3,-2.15,-2.13,-1.73,-1.75
199407,1.45,1.28,0.57,0.13,0.6,1.74,1.95,2.11,1.92,1.91
199408,4.39,5.04,3.32,4.94,4.39,2.74,2.45,3.36,4.78,3.3
199409,1.31,-0.21,0.12,0.63,-0.71,1.16,1.09,0.38,0.64,2.04
199410,-0.62,0.06,0.9,0.72,-0.02,0.36,-0.63,1.49,-0.75,0.21
199411,-5.25,-3.94,-4.53,-3.48,-4.34,-4.4,-4.06,-2.79,-3.37,-3.88
199412,-3.78,-2.52,-1.67,-0.93,-0.6,-0.63,0.23,0.46,-1.14,-0.63
199501,2.28,3.19,4.45,3.12,3.58,3.29,2.25,3.05,5.5,3.41
199502,3.15,2.26,3.88,2.64,2.51,3.06,2.4,2.92,3.73,4.34
199503,1.76,2.44,2.11,2.51,0.61,1.59,1.36,1.42,1.79,1.5
199504,0.16,1.31,2.94,1.98,2.4,2.72,2.54,3.41,3.13,4.37
199505,1.43,1.42,1.12,2.15,1.18,2.16,2.21,2.07,3.42,3.05
199506,8.37,5.85,6.11,6.87,3.92,4.71,4.72,3.42,3.77,4.26
199507,7.48,5.95,5.96,5.05,5.7,5.35,4.39,4.22,5.38,5.39
199508,3.97,1.89,2.34,3.42,3.73,3.16,4.77,3.72,3.35,4.91
199509,3.53,2.57,1.63,3.22,1.75,2.53,2.77,3.01,3.14,3.04
199510,-5.75,-4.7,-6.15,-5.87,-4.17,-4.54,-3.12,-2.57,-3.86,-3.3
199511,1.85,1.86,1.91,2.21,1.68,0.93,2.37,2.62,2.47,0.06
199512,-0.08,-0.96,0.9,2.26,1.23,1.42,1.76,2.38,0.85,0.1
199601,1.66,3.01,3.38,3.19,2.38,2.52,2.81,2.08,3.64,4.46
199602,4.55,5,4.57,3.06,3.25,3.17,2.09,2.53,3.07,4.21
199603,2.47,3.45,2.44,2.96,2.91,2.54,4.36,2.34,2.87,2.88
199604,7.25,6.37,8.25,6.39,6.14,5.62,4.73,2.98,5.88,5.21
199605,7.85,6.46,6.23,4.58,7.45,6.01,6.41,7.15,5.3,8.54
199606,-6.47,-5.45,-4.19,-2.59,-2.77,-1.95,-1.5,-1.57,-1.7,-1.51
199607,-14.2,-11.56,-9.75,-8.3,-6.3,-6.72,-5.6,-5.47,-5.4,-6.43
199608,5.57,4.88,5.58,4.29,3.76,4.48,4.87,3.81,4.03,3.5
199609,3.42,4.16,3.14,2.59,2.17,2.52,3.39,2.94,2.7,2.18
199610,-7.37,-3.96,-2.72,-1.62,-0.88,0.07,1.09,-0.24,0.86,-0.77
199611,0.12,2.01,1.98,2.76,4.03,4.71,3.77,4.52,2.92,3.21
199612,-3.28,-2.38,-0.44,-0.17,0.73,-0.39,1.92,1.44,0.65,-0.7
199701,7.9,6.14,7.29,7.43,6.14,6.31,5.87,5.15,7,6.16
199702,-6.24,-3.68,-3.24,-0.77,-1.98,0.88,1.08,0.4,1.21,2.2
199703,-9.54,-7.62,-6.59,-5.74,-3.14,-3.59,-3.18,-2.04,-2.78,-1.75
199704,-3.63,-3.17,-2.82,-1.24,-1.23,-1.01,0.14,-0.73,-0.94,-2.34
199705,11.83,11.25,10.12,10.59,9.41,7.93,8.2,8,6.62,6.45
199706,1.31,4.16,2.68,4.98,5.29,5.46,4.84,5.42,5.86,5.15
199707,3.7,4.13,4.3,6.02,5.42,6.28,5.5,6.04,5.86,4.9
199708,3.53,4.7,2.25,3.04,3.73,1.63,3.16,3.48,3.4,4.44
199709,9.03,7.8,9.4,8.11,8.19,9.15,6.59,9,8.47,9.26
199710,-4.11,-5.43,-3.09,-1.76,-3.22,-2.26,-1.98,-1.27,-0.72,1.77
199711,-4.44,-2.96,-2.08,-2.41,-2.13,-1.01,-0.61,0.07,-0.58,-1.41
199712,-7.11,-4.95,-3.88,-3.56,-2.38,-0.71,-0.36,0.32,-0.16,-3.09
199801,2.28,2.27,0.26,0.75,0.6,-0.31,0.01,-0.32,0.66,3.62
199802,6.27,6.82,6.81,7.02,7.18,6.6,6.12,7.29,6.16,5.82
199803,4.38,4.31,5.11,6.56,4.92,4,4.31,5.59,4.22,6.4
199804,1.64,1.63,2.88,1.46,4.61,2.88,2.57,2.78,2.25,3.67
199805,-7.45,-4.78,-5.66,-6.17,-3.8,-3.42,-3.33,-2.49,-2.62,-2.17
199806,-2.21,-2.75,-2.72,-2.95,-3.01,-2.54,-2.2,-1.67,-3.63,-2.89
199807,-6.73,-6.54,-6.29,-6.28,-6.7,-5.97,-6.8,-5.65,-5.91,-3.32
199808,-25.47,-22.55,-20.97,-19.78,-20.67,-18.23,-17.2,-17.24,-18.11,-18.13
199809,7.84,6.55,6.08,4.95,4.15,4.49,2.59,3.77,1.38,0.08
199810,4.85,6.29,7.49,4.86,4.76,2.83,3.32,3.01,2.13,0.18
199811,13.36,8.79,6.61,7.13,6.37,6.96,4.68,5.14,9,7.75
199812,4.32,4.58,2.82,1.8,1.55,1.78,1.36,2.04,2.58,1.73
199901,11.37,6.67,4.71,4.22,3.65,5.65,4.37,3.93,7.89,10.23
199902,-6.74,-5.75,-6.96,-6.5,-4.47,-3.7,-4.05,-4.92,-5.44,-2.48
199903,-0.87,-1.78,-1.11,-0.66,-0.06,-1.21,-0.84,-3.81,-2.79,-2.36
199904,6.04,7.56,8.5,9.05,8.78,12.33,8.57,10.31,8,10.67
199905,2.42,4.36,3.74,2.21,4.36,2.93,4.95,3.31,5.12,5.57
199906,4.48,4.57,5.26,4.02,4.88,3.74,2.22,2.9,3.54,4.68
199907,-1.33,-0.17,0.8,-0.07,1.16,0.34,1.59,0.52,2.51,2.37
199908,-2.77,-4.64,-4.13,-3.84,-3.48,-3.15,-2.54,-2.02,-4.01,-3.54
199909,1.1,-0.9,-0.85,-0.84,-2.24,-2.39,-1.68,-3.33,-3.76,-3.78
199910,2.89,1.23,-0.29,0.49,-1.72,-0.56,-0.36,-0.98,-2.19,-2.2
199911,17.9,15.03,8.13,6.06,6.61,6.21,7.33,4.73,7.55,9.15
199912,15.59,13.21,12.56,7.22,3.82,4.19,7.37,6.59,4.86,5.52
200001,6.89,3.84,4.14,3.26,1.02,2.31,3.35,4.61,6.84,12.74
200002,23.46,14.24,14.36,9.83,4.45,7.52,9.51,10.27,12.22,15.46
200003,-2.55,1.24,2.69,3.19,3.49,2.63,3.32,1.18,0.44,0.59
200004,-15.84,-10.75,-8.62,-6.61,-4.55,-3.83,-4.25,-5.53,-5.57,-8.55
200005,-8.81,-7.4,-5.71,-4.01,-3.21,-3.89,-3.96,-3.76,-4.41,-6.4
200006,12.34,8.44,9.35,5.09,5.48,4.48,5.37,4.94,6.17,5.34
200007,-9.22,-4.93,-2.1,-1.06,1.61,0.27,2.01,0.84,1.42,0.26
200008,10.04,8.3,6.71,6.3,4.72,5.66,4.39,5.04,5.95,3.64
200009,-10.36,-6.57,-3.49,-1.87,-1.75,-1.59,-0.55,-0.77,-1.6,-2.98
200010,-12.19,-5.79,-4.74,-3.45,-2.41,-2.43,-3.6,-5.14,-4.03,-6.72
200011,-25.69,-14.44,-11.11,-8.27,-7.12,-5.61,-5.29,-5.56,-4.92,-9.68
200012,-7.26,-3.15,1.31,1.43,2.23,3.95,1.7,2.45,0.4,-2.15
200101,39.47,30.06,22.58,19.9,19.12,14.75,16.47,15.69,18.05,24.03
200102,-19.92,-11.59,-8.26,-4.93,-3.5,-2.02,-0.75,-0.75,-0.47,-0.39
200103,-16.75,-8.31,-4.73,-4.5,-4.11,-2.79,-1.25,-2.58,-3.2,-2.92
200104,15.64,9.84,9.27,5.36,6.66,4.72,4.08,3.61,3.5,2.47
200105,5.15,7.57,3.92,7.91,4.99,5.53,7.12,8.36,8.18,9.72
200106,0.19,2.36,1.13,1.5,2.86,3.23,2.41,2.47,1.43,1.14
200107,-8.28,-6.55,-4.31,-5.64,-3.29,-3.36,0.57,-1.02,-1,-0.1
200108,-8.58,-8.24,-4.16,-4.3,-3.77,-3.38,-1.01,-2.17,-2,-2.24
200109,-17.87,-15.99,-15.36,-14.64,-11.16,-12.26,-11.07,-9.82,-12.15,-12.88
200110,15.59,12.77,9.12,7.71,7.23,6.83,6.15,5.17,7.08,3.64
200111,11.06,10.47,9.33,8.85,6.65,7.82,8.13,7.09,6.92,7.38
200112,7.02,7.88,6.09,6.82,6.26,7,6.07,5.19,6.15,6.21
200201,-3.92,-4.05,-1.25,-0.69,0.47,2.79,2.97,5.35,5.4,7.96
200202,-9.72,-7.57,-4.37,-3.48,-2.87,-2.73,-0.79,-1.57,-2.3,-2.56
200203,6.66,8.8,9.5,8.91,7.99,7.4,7.72,7.75,8.2,9.84
200204,-8.64,-5.95,-2.21,-1.32,-0.94,2.02,1.69,4.6,2.38,4.59
200205,-7.17,-7.09,-4.52,-3.75,-2.24,-2.53,-0.7,-0.34,0.02,2.06
200206,-12.7,-9.49,-10.41,-7.95,-6.72,-5.07,-3.77,-3.47,-4.41,-6.72
200207,-12.01,-14.52,-12.8,-13.57,-12.73,-11.39,-11.47,-10.15,-10.76,-11.3
200208,-0.99,0.6,-0.56,0.54,0.89,-0.39,1.81,0.51,1.01,-0.27
200209,-9.31,-11.27,-9.12,-9.76,-9.53,-8.98,-6.38,-8.05,-6.26,-9.81
200210,10.7,7.3,5.38,6.34,6.2,3.91,2.59,1.82,2.13,3.75
200211,15.48,15.26,13.96,12.1,13.02,14.12,9.39,10.92,10.64,12.42
200212,-9.07,-8.83,-6.76,-5.71,-5.61,-4.18,-0.95,-4.32,-1.33,-5.04
200301,-0.89,0.7,-0.23,-2.19,-1.02,-0.89,-1.35,-0.85,1.66,2.69
200302,-3.83,-4.07,-2.38,-2.28,-2.13,-2.39,-2.49,-1.96,-2.39,-1.56
200303,3.24,1.53,1.32,0.02,-0.08,0.23,1.22,2.15,0.56,-0.1
200304,12.34,11.37,11.03,10.23,9.69,10.02,9.12,8.79,8.41,9.48
200305,16.42,19.55,15.12,12.23,13.97,13.58,11.89,10.81,11.01,15.2
200306,4.65,7.11,2.25,2.76,5.3,2.64,3.41,4.03,5.46,8.45
200307,6.71,6.8,7.41,5.99,6.47,6.41,7.39,7.35,8.15,8.87
200308,4.17,4.58,4.46,4.27,4.16,4.74,4.44,4.47,6.23,7.84
200309,3.13,-0.11,-0.79,-0.47,-0.2,0.93,1.17,2.15,5.52,6.59
200310,6.25,8.29,8.33,7.31,6.54,7.48,9.58,8.94,11.02,11.06
200311,2.02,2.87,2.51,3.67,3.14,4,3.57,4.59,4.12,6.8
200312,1.63,2.31,2.89,3.32,3.06,3.55,2.79,2.84,4.62,7.24
200401,5.74,5.36,5.24,4.24,5.15,4.97,5.28,6.71,8.89,11.48
200402,0.82,0.9,0.86,1.87,1.39,1.16,1.06,2.57,0.51,0.7
200403,-0.86,0.11,0.93,0.07,-0.63,0,1.41,-0.19,0.62,1.59
200404,-2.08,-2.96,-3.46,-4.31,-2.16,-2.5,-3.12,-3.66,-3.53,-3.01
200405,-0.75,-0.24,0.87,0.53,0.6,0.35,-0.05,0.3,-0.29,0.44
200406,0.75,1.8,3.51,3.58,3.5,2.52,2.6,2.85,2.62,3.39
200407,-10.95,-9.02,-7.59,-5.23,-4.47,-5.56,-4.47,-4.36,-3.8,-3.44
200408,-3.05,-1.83,-2.35,-0.3,-0.23,0.09,0.18,-0.9,-1.08,-1.98
200409,4.68,4.48,3.14,4.36,4.67,5.55,4.01,3.61,3.39,3.03
200410,2.11,2.37,3.8,2.26,2.73,2.1,0.74,2.01,0.33,1.69
200411,8.86,8.54,9.21,8.71,7.83,8.04,7.78,7.57,7.72,12.56
200412,8.14,6.4,5.46,5.4,4.31,4.51,4.12,5.38,4.78,7.83
200501,-5.84,-4.16,-4.08,-2.56,-4.2,-2.97,-1.91,-2.81,-0.94,-2.52
200502,0.12,0.79,0.89,1.17,2.35,0.29,1.84,1.47,2.05,1.69
200503,-5.48,-4.44,-2.1,-2.33,-1.24,-2.76,-1.87,-1.96,-2.02,-0.75
200504,-7.42,-4.4,-5.71,-5.25,-5.42,-5.65,-4.9,-5.82,-4.47,-6.49
200505,6.1,7.35,5.78,5.99,5.57,4.02,4.15,3.21,3.54,4.21
200506,1.21,3.24,3.19,2.84,3.8,3.53,3.88,3.15,3.64,4.76
200507,7.32,6.8,6.72,6.94,6.15,6.94,6.94,5.55,5.84,6.86
200508,-2.73,-2.06,-0.55,-0.31,-1.92,-0.7,-0.41,-0.94,0.87,-0.95
200509,0.87,0.12,0.78,1.32,0.34,0.29,0.93,1.19,0.71,0.85
200510,-4.28,-3.21,-3.11,-2.29,-3.13,-2.27,-3.26,-2.05,-2.58,-3.43
200511,4.37,3.23,3.96,4.35,4.27,3.41,3.43,4.05,2.79,2.88
200512,0.01,1.96,0.26,0.58,0.56,0.19,0.13,1.22,1.05,1.57
200601,8.62,8.44,8.17,8.18,7.91,7.53,7.5,7.13,6.28,7.57
200602,0.45,1.23,0.58,0.77,0.44,-0.09,0.16,-0.17,0.46,0.99
200603,3.88,3.75,3.69,4.9,4.16,3.52,4.1,4.64,4.02,5.52
200604,-1.48,-0.16,0.8,0.16,1.09,1.19,-0.18,1.32,2.44,2.03
200605,-7.93,-6.65,-5.61,-4.5,-3.63,-3.99,-2.86,-3.86,-2.38,-3.48
200606,-0.87,-1.68,-0.93,-1.6,-0.44,-0.62,-0.49,-0.24,0.32,-0.12
200607,-5.8,-4.31,-4.45,-2.98,-3.07,-2.66,-2.11,-1.96,-2.04,-2.92
200608,3.01,3.02,2.71,1.46,2.78,1.84,1.95,1.77,2.11,1.23
200609,0.02,0.5,0.81,1.05,1.27,0.65,1.39,0.37,1.95,1.82
200610,5.92,5.76,4.46,6.82,5.27,4.8,3.86,4.36,3.57,4.41
200611,2.66,2.13,4.81,2.05,2.78,2.36,2.08,2.39,3.14,2.43
200612,-0.46,-0.23,1.04,0.61,1.01,1.86,1.47,2.15,2,3.65
200701,3.84,2.53,1.96,2.06,1.37,1.12,1.42,1.59,2.16,4.34
200702,0.1,0.01,0.59,-0.52,0.17,-0.72,0.47,-0.27,-0.04,2.16
200703,0.95,0.9,-0.04,0.28,1.52,-0.24,0.31,0.47,-0.8,-0.18
200704,4.02,3.55,2.56,2.36,1.41,1.73,1.27,1.39,1.81,1.81
200705,1.72,2.89,3.84,3.34,2.34,3.72,2.45,2.1,1.28,1.53
200706,-1.57,0.01,-0.28,-0.63,-1.06,-1.09,-1.55,-0.88,-0.51,0.51
200707,-3.86,-4.51,-4.72,-5.22,-5.09,-5.04,-5.23,-5.36,-6.46,-4.45
200708,-0.05,-0.61,-0.11,0.63,-0.08,0.47,-0.09,-1.38,-1.06,-5.36
200709,2.55,2.55,3.46,1.47,1.7,0.71,0.95,1.1,0.05,-0.2
200710,1.82,4.67,1.76,2.51,0.24,0.89,-0.34,0.08,-1.73,-0.39
200711,-8.51,-7.9,-7.63,-7.58,-7.42,-8.65,-7.93,-7.97,-7.47,-10.35
200712,-1.4,-1.38,0.09,-0.61,-0.59,-2.25,-1.79,-1.57,-2.56,-2.63
200801,-6.53,-8.11,-6.34,-5.65,-5.02,-4.71,-3.16,-4.07,-2.7,-2.92
200802,-4.65,-2.15,-1.31,-3.22,-3.41,-2.98,-0.67,-3.05,-3.01,-3.47
200803,-3.73,-2.31,-1.55,-1.15,-0.8,-0.97,-2.58,-2.28,-2,-2.82
200804,2.69,3.4,5.84,1.8,2.71,3.76,2.47,0.7,0.53,0.92
200805,4.22,5.79,3.45,3.4,4.09,4.17,3.79,2.91,0.86,1.48
200806,-8.39,-8.86,-8,-10.35,-10.12,-9.49,-8.36,-9.68,-12.04,-10.38
200807,0.86,0.44,1.23,-0.03,1.59,1.36,1.65,2.58,0.94,-0.72
200808,1.16,0.48,2.75,1.75,3.74,1.53,2.96,2.12,3.65,4.48
200809,-13.31,-14.11,-11.93,-11.95,-11.02,-11.41,-6.81,-8.4,-8.15,-11.68
200810,-23.09,-24.26,-18.97,-22.94,-21.04,-20.07,-18.85,-18.81,-17.72,-25.65
200811,-14.39,-10.54,-13.09,-12.39,-13.02,-13.47,-14.9,-13.27,-15.92,-18.22
200812,5.05,1.6,5.84,5.31,5.73,6.17,1.24,1.78,1.63,-1.88
200901,-2.51,-1.38,-2.96,0.06,-3.78,-4.92,-8.02,-7.71,-7.92,-2.92
200902,-9.19,-10.26,-10.57,-12.09,-12.4,-12.12,-9.76,-13.23,-12.57,-16.68
200903,13.54,12.16,12.86,12.27,12.55,12.19,11.84,9.83,12.41,16.06
200904,20.55,20.22,20.04,22.84,21.24,20.08,18.76,20.48,21.56,30.58
200905,6.98,9.13,8.54,10.23,10.82,7.88,11.51,8.37,7.69,14.28
200906,6.6,5.17,3.31,3.6,3.06,1.39,2.67,-0.4,4.16,2.84
200907,6.61,8.41,7.06,8.57,8.16,9.37,9.15,8.93,10.03,10.27
200908,2.74,2.31,3.68,2.77,3.18,5.92,4.56,6.8,6.97,14.48
200909,7.3,7.04,6.02,5.75,7.41,5.07,7.7,5.66,5.83,9.7
200910,-6.92,-5.69,-5.45,-5.22,-5.48,-5.98,-5.65,-7.24,-6.55,-7.72
200911,2.74,2.01,1.72,1.93,2.04,2.34,1.61,2.29,1.75,0.67
200912,5.56,7.07,7.65,6.33,7.87,6.87,6.35,6.36,6.15,6.34
201001,-1.91,-4.4,-3.33,-3.26,-2.57,-1.82,-1.87,-1.09,1.22,5.95
201002,3.48,2.56,4.05,3.98,4.35,3.26,3.81,4.37,3.77,4.19
201003,7.25,6.43,6.08,7.74,7.71,8.23,6.86,7.16,8.96,10.14
201004,5.67,3.83,5.25,6.26,4.01,5.99,7.42,8.62,9.24,14.69
201005,-8.29,-6.16,-6.91,-6.82,-6.69,-8.12,-8.02,-7.94,-8.57,-10.64
201006,-6.72,-5.47,-5.63,-7.01,-5.72,-7.51,-7.82,-7.41,-8.66,-11.63
201007,6.46,6.3,5.53,6.97,6.24,6.58,5.84,6.24,6.13,3.56
201008,-6.26,-5.64,-5.97,-6.6,-7.28,-7.2,-6.98,-7.44,-6.47,-7.41
201009,14.14,10.84,11.53,12.24,12.79,11.64,10.42,10.26,9.49,7.51
201010,4.5,4.74,5.17,4.03,5.28,5.24,4.96,3.39,3.53,3.02
201011,2,1.41,4.33,2.49,3.06,3.52,3.22,1.85,2.06,0.34
201012,9.15,7.89,6.87,8.08,7.34,9.38,8.3,7.32,8.75,9.05
201101,0.03,1.29,0.54,1.19,0.92,0.83,1.14,3.34,0.92,5.7
201102,2.84,3.5,5.74,4.74,4.29,3.94,5.53,3.7,4.45,4.04
201103,1.89,2.44,1.38,2.84,1.87,0.45,1.7,0.54,1.13,-1.12
201104,2.52,2.98,1.53,1.71,1.39,2.05,1.53,1.1,1.04,-0.31
201105,-1.01,-2.1,-1.18,-0.78,-0.88,-3.36,-3.49,-2.68,-1.77,-2.41
201106,-3.81,-2.82,-3.61,-2.18,-2.24,-0.9,-1.78,-1.81,-1.88,-2.76
201107,-4.32,-3.51,-2.79,-3.19,-2.68,-2.79,-1.5,-1.26,-1.63,-1.27
201108,-9.61,-8.52,-8.99,-9.58,-10,-8.9,-9.23,-10.07,-8.52,-9.42
201109,-11.46,-10.89,-11.46,-12.33,-11.27,-10.87,-10.37,-10.5,-8.64,-9.57
201110,12.39,15.25,14.64,15.13,14.3,13.98,12.67,12.84,10.42,6.26
201111,-2.51,-2.71,-2.05,-1.83,-1.17,-1.53,-0.67,0.65,0.52,-2.6
201112,-2.2,-1.21,0.68,-0.76,0.42,1.31,0.89,0.6,1.15,0.89
201201,12.45,8.98,7.06,9.63,8.74,7.96,7.92,6.39,7.14,9.92
201202,5.1,3.27,3.53,2.72,3.31,2.7,2.51,3.19,3.81,5.84
201203,2.28,2.33,2.21,1.72,2.53,2.43,4.93,2.37,2.55,5.98
201204,-3.16,-0.72,-2.09,-2.56,-1.17,-1.79,-2.09,-1.54,-0.23,0.04
201205,-8.27,-7.65,-7.76,-6.85,-8.7,-6.95,-7.59,-6.95,-5.8,-4.32
201206,4.59,3.06,3.64,3.75,3.04,4.26,4.82,3.51,4.01,3.27
201207,-1.26,-1.49,1.64,-0.33,-1.67,-0.81,-0.56,-1.24,-1.19,-1.82
201208,2.66,3.65,2.06,2.83,3.67,2.13,2.32,3.48,1.96,3.13
201209,4.18,2.73,3.2,5.88,3.75,3.69,4.06,3.67,3.57,3.69
201210,-5.29,-3.94,-1.28,-2.58,-1.81,-2.07,-0.84,-1.65,-1.83,1.23
201211,0.65,0.69,0.95,0.77,0.21,-0.1,-0.75,-0.25,1.54,0.49
201212,0.36,2.47,3.03,2.33,2.36,3.41,3.44,3.54,3.53,2.54
201301,7.55,6,6.92,6.13,7.05,6.74,7.06,7.22,5.82,10.38
201302,0.38,0.37,1.58,-0.35,1.07,-0.01,1.56,1.61,0.72,2.77
201303,4.81,4.67,5.16,4.26,4.99,3.82,3.57,4.56,4.67,3.31
201304,1.05,-0.57,-0.6,-0.8,-0.28,-0.71,-0.09,0.43,-0.66,-0.47
201305,3.85,4.85,5.02,4.67,4.98,4.51,4.08,5.57,2.95,6.36
201306,-1.66,-0.54,-1.2,-1.07,-0.41,0.89,0.29,0.31,0,0.06
201307,7.7,7.43,6.9,6.61,7.5,6.74,6.57,7.58,7.48,7.66
201308,-0.74,-2.36,-1.67,-2.65,-2.49,-2.76,-2.92,-3.17,-2.75,-1.05
201309,5.73,6.16,5.4,7.05,5.8,5.71,5.65,6.47,5.7,4.97
201310,0.04,2.83,1.08,3.56,1.64,3.53,4.56,4.09,3.32,3.19
201311,6.03,4.04,2.48,5.33,3.87,3.37,5.32,4.41,3.96,3.32
201312,2.84,2.41,3.18,3.76,3.56,3.22,2.31,1.79,2.13,2.53
201401,1.64,0.51,0.02,-2.73,-1.08,-1.42,-2.1,-2.39,-1.8,1.66
201402,5.65,4.3,4.37,3.64,5.52,3.74,4.8,3.97,3.77,4.85
201403,-3.98,-1.11,0.01,1.16,1.33,0.26,0.92,0.63,1.96,2.05
201404,-7.06,-2.54,-3.92,-3.6,-2.83,-2.54,-2.98,-1.96,-2.73,-4.21
201405,0.35,-0.55,0.1,0.13,0.9,0.56,0.24,-0.5,0.55,-0.81
201406,5.49,4.79,5.51,4.55,4.43,3.4,3.62,4.13,3.19,4.06
201407,-5.74,-5.35,-5.37,-5.98,-5.03,-5.39,-4.03,-5.11,-4.43,-2.32
201408,4.42,5.21,5.1,4.6,4.29,3.8,3.85,3.78,4.88,2.5
201409,-4.83,-4.52,-4.91,-4.25,-4.69,-5.78,-4.95,-4.59,-4.69,-4.49
201410,4.27,4.08,3.4,4.32,3.72,4.25,3.3,4.08,3.03,-0.11
201411,0.94,1.2,0.85,0.27,-0.54,0.26,-0.19,-1.19,-2.42,-0.28
201412,1.3,0.92,2.13,3.36,0.99,2.51,3.23,2.81,1.79,1.08
201501,-1.85,-2.49,-3.31,-3.57,-4.79,-3.08,-4.39,-3.97,-4.34,-3.67
201502,7.44,6.95,7.9,7.69,7.55,7.44,6.27,4.97,4.99,5.14
201503,-0.3,-0.33,1.09,-0.25,-1.09,1.07,0.45,1.46,0.26,-0.68
201504,1.9,-2.67,-0.43,-0.53,-1,-0.45,0.37,-0.47,1.49,2.01
201505,1.64,1.6,0.66,3.48,0.79,1.15,0.98,0.54,-0.75,-1.13
201506,0.59,0.74,0.49,-0.2,-1.32,-0.91,-0.16,-0.49,-0.06,-0.67
201507,-0.61,-0.69,0.12,-1.79,-2.44,-4.15,-3.88,-3,-3.66,-7.58
201508,-8.52,-6.33,-5.94,-6.85,-4.6,-1.43,-3.75,-4.11,-2.78,0.42
201509,-7.42,-6.46,-5.43,-6.75,-4.76,-5.2,-4.26,-3.72,-3.77,-6.89
201510,5.18,5.19,5.91,6.59,5.66,6.66,5.04,5.38,3.25,5.14
201511,3.78,2.96,3.72,1.6,1.3,0.9,1.44,3.21,2.91,0.06
201512,-2.63,-4.36,-4.8,-5.46,-3.95,-4.89,-4.84,-5.93,-4.16,-5.89
201601,-12.72,-10.28,-9.16,-9.94,-7.62,-8.77,-7.98,-7.79,-7.41,-8.84
201602,-0.64,0.21,0.95,1.33,1.41,2.18,1.23,-0.09,-0.98,-0.71
201603,6.38,7.03,7.54,10.49,7.8,7.22,8.64,7.44,7.69,11.43
201604,3.2,2.97,1.48,2.74,3.08,2.92,3.26,4.57,5.11,6.44
201605,1.42,1.83,1.5,1.21,0.79,0.93,-0.1,-0.78,-0.04,-0.73
201606,-2.52,-0.3,-2.05,-0.97,-0.9,-0.78,-0.09,-0.18,0.99,2.27
201607,6.36,5.7,4.41,6.47,5.3,5.63,4.16,3.97,5.34,10.08
201608,0.22,1.13,0.79,1.29,2.63,2.36,2.54,3.28,3.49,3.01
201609,3.92,3.47,1.09,1.97,2.61,2.34,1.48,0.95,1.94,2.4
201610,-7.72,-6.21,-6.8,-7.23,-5.86,-4.66,-3.61,-2.8,-2.14,-6.75
201611,4.55,5.6,6.9,7.12,8.78,11.9,10.05,11.67,11.03,13.68
201612,-0.69,-0.55,0.89,0.8,0.53,3.1,4.61,5.43,3.41,3.2
201701,3.35,1.75,2.89,0.87,1,2.44,-0.8,0.33,1.69,1.6
201702,4.14,4.1,2.39,2.05,1.36,2.27,1.43,1.62,1.14,-1.51
201703,1.01,1.18,1.09,0.62,1.31,1.27,-0.4,1.05,0.43,-1.61
201704,2.05,1.03,1.1,0.04,0.41,0.12,1.19,0.12,0.46,-2.08
201705,-0.36,-0.1,-1.32,-2.19,-2.26,-2.56,-2.38,-2.74,-1.92,-4.21
201706,4.06,3.75,4.34,3.44,3.06,3.81,3.62,5.72,2.73,2.98
201707,-0.45,-0.31,0.25,-0.96,0.25,-0.06,0.69,0.38,0.32,-0.73
201708,-2.46,0.23,-0.89,-3.09,-0.99,-1.19,-1.38,-2.24,-1.92,-2.89
201709,6.17,4.92,5.55,5.53,8.6,9.41,8.49,7.72,8.19,8.19
201710,-0.31,0.87,0.13,0.35,1.64,0.27,0.59,-0.7,1.15,1.05