This file was created by CMPT_PRIOR_RETS using the 201710 CRSP database.,,,,,,,,,,
It contains value- and equal-weighted returns for  10 prior-return portfolios.,,,,,,,,,,
The portfolios are constructed monthly. PRIOR_RET is from -12 to - 2.,,,,,,,,,,
,,,,,,,,,,
The annual returns are from January to December.,,,,,,,,,,
,,,,,,,,,,
Missing data are indicated by -99.99 or -999.,,,,,,,,,,
,,,,,,,,,,
,,,,,,,,,,
  Average Value Weighted Returns -- Monthly,,,,,,,,,,
,Lo PRIOR,PRIOR 2,PRIOR 3,PRIOR 4,PRIOR 5,PRIOR 6,PRIOR 7,PRIOR 8,PRIOR 9,Hi PRIOR
196701,14.2,15.13,12.5,11.01,6.38,5.9,6.28,7.23,6.84,8.52
196702,0.33,-1.82,-1.1,0.12,0.16,1.35,1.11,0.01,1.99,5.27
196703,2.81,3.66,4.74,4.68,4.6,3.98,5.33,3.79,4.02,6.4
196704,6.59,6.67,5.44,3.87,3.25,2.42,0.47,3.65,5.3,6.42
196705,-6.95,-2.45,-5.02,-3.14,-1.85,-3.19,-5.12,-3.59,-3.78,-3.15
196706,2.47,0.21,1.69,1.82,-0.46,2.49,1.92,3.6,6.16,8.35
196707,10.04,5.72,6.2,1.24,3.23,4.63,6.11,5.63,4.67,7.32
196708,-0.17,-1.04,-0.39,-0.32,0.01,-0.57,0.14,-0.79,-1.14,-1.77
196709,4.34,2.21,2.41,3.13,1.94,3.01,2.54,5.24,5.36,4.5
196710,-4.02,-3.13,-4.49,-3.55,-5.64,-2.47,-2.03,2.56,-1.89,0.67
196711,1.35,0.63,-0.61,-0.58,-1.79,1.48,2.68,2.41,0.93,1.14
196712,2.37,3.86,2.21,4.03,2.5,3.32,2.6,2.15,5.52,9.09
196801,0.01,-1.93,-1.26,-4.85,-3.39,-4.82,-6.36,-6.11,-5.63,-7.12
196802,-3.6,-1.98,-2,-1.95,-2.22,-4.64,-1.97,-6.69,-3.34,-9.04
196803,-1.96,0.27,-1.17,-1.43,0.88,1.65,-0.65,4.96,1.29,2.73
196804,10.96,6.58,6.23,8.37,8.51,8.06,9.93,11.65,13.74,19.51
196805,1.63,0.77,1.44,0.29,4,3.22,0.1,5.19,4.01,10.27
196806,1.75,3.89,1.99,0.42,1.4,0.37,0.99,-0.24,-0.89,0.87
196807,-2.37,-1.62,-1.52,-3.56,2.4,-3.05,-4.14,-3.85,-3.45,-4.4
196808,0.95,1.56,1.48,0.57,2,1.85,2.68,1.25,3.81,4.7
196809,6.95,6.87,4.13,3.24,4.21,3.89,2.93,2.03,5.68,10.03
196810,1.85,1.38,2.97,2.01,1.2,-0.2,-0.94,-0.26,2.73,-1.61
196811,8.55,7.05,2.92,5.36,6.55,4.27,4.3,7.72,7.85,10.03
196812,-4.88,-4.15,-3.99,-3.99,-2.23,-3.48,-3.17,-2.51,-3.54,-3.57
196901,-2.79,1.37,-1.91,0.19,0.06,-1.37,-0.1,-1.76,-0.48,-1.88
196902,-7.82,-5,-2.26,-6.3,-4.73,-5.89,-7.14,-7.59,-6.65,-10.15
196903,-1.14,3.82,1,3.03,3.49,4.51,4.74,4.58,4.01,5.57
196904,0.32,3.58,1.83,2.58,-0.09,1.34,2.45,2.25,2.37,3.52
196905,-2.76,-0.63,-0.35,0.17,1.34,0.18,1.3,0.77,-0.48,2.88
196906,-11.87,-6.94,-0.68,-6.49,-5.25,-7.48,-6.44,-6.27,-8.9,-11.28
196907,-12.21,-11.66,-5.21,-4.46,-5.25,-4.55,-7.11,-5.22,-7.86,-7.44
196908,6.41,4.49,3.43,3.33,3.56,5.54,3.9,3.55,7.17,10.5
196909,-4.46,-2.9,-4.36,-2.94,-4.1,-4.11,-1.43,-0.9,-1.95,-2.82
196910,10.64,9.29,9.43,3.8,4.38,6.17,6.23,3.21,4.6,6.73
196911,-6.91,-5.91,-4.68,-4.91,-5.36,-4.3,-4.27,-2.58,-2.24,-0.54
196912,-8.09,-6.34,-5.2,-3.78,-3.25,-3.25,-2.08,-3.07,0.99,1.37
197001,-6.64,-7.65,-9.34,-12.18,-7.06,-9.02,-6.28,-7.3,-5.86,-7.05
197002,3.66,4.51,6.61,6.7,7.05,5.28,5.95,8,6.73,3.19
197003,-3.86,-2.64,-0.47,0.24,1.87,2,2.85,1.16,-1.7,-2.96
197004,-17.43,-12.99,-8.39,-12.53,-9.85,-9.58,-8.54,-10.09,-10.19,-11.41
197005,-9.72,-4.78,-1.03,-0.92,-7.54,-8.56,-6.44,-6.62,-8.38,-6.52
197006,-11.43,-12.05,-6.45,-3.34,-5.18,-5.9,-6.35,-6.05,-5.06,-0.93
197007,4.72,12.3,10.31,10.92,9.24,10.76,5.45,7.6,5.96,4.26
197008,13.09,9.3,8.89,7.23,6.92,5.81,4.39,5.56,2.34,1.75
197009,22.94,12.39,7.68,8.24,6.75,5.46,1.89,2.62,1.29,4.15
197010,-14.79,-10.97,-4.66,-3.47,-1.12,-1.54,-0.54,-1.39,0.53,-1.22
197011,-1.43,5.09,2.66,3.82,5.29,5.25,4.37,5.94,5.9,5.74
197012,5.69,10.71,7.92,7.84,7.67,7.05,7.82,6.52,4.43,3.32
197101,13.45,11.45,11.17,8.05,3.5,6.52,6.22,3.06,4.1,2.13
197102,4.92,0.07,1.41,2.29,1.88,-0.58,1.65,1.28,1.37,3.98
197103,7.95,6.26,5.77,5.99,2.06,3.97,2.62,3.97,3.56,5.16
197104,3.8,2.5,4.81,0.28,3.5,3.78,4.5,5.25,5.28,4.99
197105,-5.84,-4.74,-1.83,-3.38,-5.25,-2.23,-3.23,-5.34,-2.81,-2.94
197106,-3.11,0.15,1.66,-0.02,-0.06,-0.14,0.24,-0.33,2.51,2.61
197107,-4.97,-3.73,-1.51,-5.33,-3.14,-2.93,-3.31,-5.36,-8.15,-6.22
197108,2.36,1.03,3.91,2.66,2.83,7.3,5.79,4.71,5.45,8.79
197109,-3.65,-0.96,-1.17,-1.44,1.07,0.79,-0.34,-0.55,-0.66,0.45
197110,-9.19,-4,-2.69,-2.25,-3.51,-3.61,-4.41,-4.42,-5.99,-4.09
197111,-3.45,-1.41,0.33,0.37,-0.42,0.21,0.81,-0.57,0.08,1.06
197112,11.78,10.68,9,7.76,8.18,9.4,8.49,8.68,9.93,10.84
197201,6.44,-0.43,1.46,4.35,2.09,3.21,2.58,1.91,2.05,5.9
197202,4.78,3.71,-0.21,-0.17,1.67,1.94,4.92,3.31,5.05,5.58
197203,-1.74,-2.79,-0.52,-1.68,-0.82,2.8,1.17,0.64,3.29,1.37
197204,-2.15,0.66,-1.47,-0.87,-1.26,1.29,1.14,0.24,2.69,1.26
197205,-1.79,0.71,-1.06,1.77,-0.97,-0.01,1.61,1.66,3.49,5.44
197206,-5.96,-4.04,-3.04,-2.33,-1.37,-2.32,-2.34,-2.65,-1.4,0.61
197207,-4.74,-2.67,-3.46,-1.03,0.71,-1.54,-1.3,1.24,1.99,-0.29
197208,4.4,9.25,7.36,6.57,5.26,7.05,2.42,1.11,2.1,-1.54
197209,-4.33,-3.29,-1.51,-0.98,1.64,-2.37,-2.41,-0.42,-0.14,0.49
197210,-3.37,0.05,1.24,-0.17,2.28,1.34,2.6,0.34,-0.05,1.71
197211,9.43,8.66,9.41,7.61,8.38,8.55,5.35,2.19,2.28,1.48
197212,-4.27,-3.08,-1.77,-1.52,-0.75,-0.83,1.47,1.88,2.17,5.31
197301,-10.82,-8.21,-5.86,-5.3,-5.31,-4.29,1.64,-0.98,-1.17,-2.97
197302,-9.26,-8.87,-8.69,-4.14,-4.2,-4.7,-3.04,-3.58,-2.34,-5.11
197303,-4.01,-3.31,-2.63,-3.88,-1.67,-1.25,-2.82,-1.1,-0.24,1.79
197304,-11.44,-12.96,-8.58,-8.52,-6.49,-4.55,-3.95,-3.2,-4.61,-3.1
197305,-12.87,-9.01,-8.53,-6.9,-4.84,-2.75,-2.06,-1.13,-1.38,-0.13
197306,-8.45,-5.49,-2.91,-1.56,-4.64,-3.34,-2.04,-0.02,-0.11,0.73
197307,20.97,12.99,15.15,11.5,11.28,10.15,7.18,3.08,2.84,2.3
197308,-7.15,-5.28,-5.37,-4.23,-2.42,-3.16,-3.07,-2.11,-4.12,-3.02
197309,11.01,13.15,14.97,11.23,10.41,12.27,5.49,-1.18,3.78,5.3
197310,-5.68,-5.57,-3.59,-1.94,-2.87,-4.33,0.95,-0.04,-0.58,3.94
197311,-23.16,-22.44,-19.82,-17.58,-11.33,-13.7,-9.58,-10.9,-9.16,-9.54
197312,-5.69,-4.57,-6.14,-2.78,0.15,1.35,-1.32,1.37,3.05,7.62
197401,13.03,8.42,8.5,6.48,4.33,3.84,-0.36,0.04,-0.16,-6.24
197402,-2.75,0.56,1.82,0.15,-0.68,-1.57,-0.78,0.06,0.42,1.63
197403,0.36,-1.97,-4.22,-1.2,-0.98,-0.49,-2.31,-2.48,-3.27,-5.15
197404,-10.55,-7.95,-4.4,-3.62,-3.62,-4.06,-4.86,-3.76,-4.76,-4.95
197405,-8.1,-5.29,-3.56,1.57,-1.78,-2.62,-3.87,-5.27,-5.21,-8.69
197406,-5.34,-6.22,-1.72,-2.72,-1.57,-1.15,-2.2,-2.16,-1.29,-1.36
197407,-10.82,-6.28,-10.46,-7.4,-7.93,-9.53,-7.72,-5.48,-4.69,-4.25
197408,-11.98,-9.15,-9.9,-8.61,-10.22,-9.51,-7.88,-7.29,-7.76,-8.86
197409,-14.02,-11.27,-13.28,-13.43,-13.01,-12.05,-11.25,-5.89,-8.49,-8.98
197410,14.5,19.93,19.54,20.24,13.46,9.72,17.49,19.75,14.39,20.41
197411,-2.97,-5.6,-4.3,-4.16,-5.29,-3.66,-4.86,-3.4,-1.17,-3.75
197412,-5.48,-6.45,-4.2,-3.45,-3.81,-1.17,-1.3,-1.92,1.02,-3.48
197501,31.14,23.61,19.92,13.1,13.47,13.49,7.11,9.54,13.11,11.44
197502,6.45,6.6,5.28,9.14,5.07,8.77,4.23,6.36,4.87,4.05
197503,8.19,3.11,5.06,3.06,1.28,3.09,1.33,0.3,4.02,7.16
197504,4.42,7.17,4.54,5.46,5.88,3.77,2.73,4.19,2.95,7.74
197505,5.63,7.49,5.82,5.44,5.37,6.76,6.46,3.99,5.27,5.03
197506,6.07,4,6.28,3.12,6.19,5.57,6.03,6.43,5.73,5.58
197507,-8.11,-8.65,-6.07,-5.05,-5.09,-6.64,-6.43,-5.13,-5.83,-4.05
197508,-4.44,-2.65,-1.79,-1.76,-2.25,-3.3,-0.87,-2.87,-3.01,-2.52
197509,-3.63,-6.69,-3.22,-3.17,-1.98,-2.63,-4.12,-4.75,-4.71,-1.77
197510,2.26,8.54,7.12,4.67,5.96,7.53,4.1,5.87,6.01,3.15
197511,3.22,5.71,3.33,3.55,2.16,2.88,2.11,2.21,3.11,1.55
197512,-1.6,-2.17,-2.06,-0.41,-2.5,-1.57,0.38,-1.37,-0.26,-1.32
197601,9.91,9.83,11.49,13.24,12.72,13.18,13.7,13.98,14.04,19.45
197602,2.45,0.86,1.13,0.45,0.85,-1.37,0.1,-1,3.25,5.22
197603,0.63,4.44,2.27,3.39,4.06,2.86,0.94,2.41,0.81,0.78
197604,-3.15,-2.89,-1.36,0.51,-0.32,-0.61,-0.08,-0.33,-0.16,-2.61
197605,-0.01,-1.74,-2.15,-0.16,-0.43,-0.97,0.29,-0.54,-2.14,-2.69
197606,7,4.97,3.41,4.64,6.71,2.29,4.99,2.95,3.66,4.61
197607,-1,-0.5,-2.21,-0.02,1.23,0.49,-0.59,-1.67,-1.7,-1.12
197608,-1.54,0.99,0.29,-0.36,2.06,-0.24,-0.66,-0.38,-2.44,-2.26
197609,1.84,1.59,2.29,3.04,3.32,1.78,3.89,2.78,0.99,2.37
197610,-3.61,-2.28,-2.12,-2.7,-2.4,-0.01,-0.73,-3.13,-2.53,-3.41
197611,-0.05,-2.49,-0.58,1.72,1.53,1.16,1.34,2.26,3.67,3.62
197612,5.13,5.45,5.29,6.2,4.57,5.59,8.15,8.45,6.73,8.29
197701,-9.32,-4.64,-6.31,-3.53,-2.44,-2.22,-2.02,-2.1,-1.17,2.53
197702,-1.83,-1.42,-1.56,-0.67,-1.85,-1.12,-2.08,-2.44,-1.8,-1.9
197703,-2.74,-1.64,0.05,-1.78,0.29,-0.55,-1.92,0.01,-0.9,-0.69
197704,-4.07,-1.75,-0.42,1.2,-1.47,2.87,1.41,3.84,2.03,3.94
197705,-2.4,-2.95,-2.65,-1.27,0.26,-0.47,0.68,-0.05,-0.16,0.59
197706,5.83,4.63,4.27,5.93,4.38,3.59,4.43,5.72,6.95,7.16
197707,-2.36,-2.14,0.04,-1.88,-2.14,-0.91,-0.34,-0.91,-0.8,-1.21
197708,2,0.84,-0.04,-3.32,-2.03,-2.5,-2.97,-2.2,-2.1,-2.03
197709,-2.18,-1.09,-0.65,0.81,2.4,0.46,0.98,1,2.06,1
197710,-4.91,-3.84,-3.79,-3.35,-4.77,-3.23,-2.97,-2.75,-3.66,-4.64
197711,3.32,3.92,3.83,4.01,3.74,4.94,5.65,6.64,7.18,8.62
197712,0.25,-0.64,0.82,1.53,0.88,-0.21,0.6,1.48,2.17,1.7
197801,-5.54,-5.97,-6.39,-4.83,-5.36,-5.48,-5.24,-5.44,-5.31,-3.88
197802,-4.39,-2.14,-1.18,-1.29,-0.11,-0.61,-0.85,0.06,1.83,1.41
197803,3.38,3.23,4.59,3.2,-0.41,3.9,4.07,5.6,6.24,6.57
197804,11.42,9.81,8.52,10.04,6,6.12,4.96,8.74,9.64,10.07
197805,1.85,1.79,1.66,0.93,0.35,2.74,3.56,4.63,5.86,8.95
197806,-4.78,-2.2,-1.23,-1.23,-0.7,-0.43,-0.96,0.47,0.44,2.13
197807,4.52,4.19,5.33,4.32,5.83,5.58,7.94,6.69,9.5,9.94
197808,4.1,4.75,3.31,2.89,3.1,4.29,3.85,4.82,7.9,10.41
197809,0.85,1.61,-0.47,-0.87,-1.36,-1.74,-1.93,-1.76,-2.23,-4.59
197810,-10.84,-7.37,-8.39,-8.18,-11.91,-12.46,-14.76,-16.15,-19.52,-22.99
197811,2.73,1.72,2.42,3.54,1.91,4.06,4.16,5.68,7.68,10.98
197812,-2.12,-1.17,0.34,-0.49,1.63,5.06,1.31,1.9,3.53,3.54
197901,9.63,6.46,4.97,4.91,3.79,4.24,3.75,4.51,5.48,6.62
197902,-2.67,-3.03,-1.87,-2.68,-3.05,-1.93,-2.72,-2.81,-4.75,-4.32
197903,8.46,5.09,4.87,2.94,5.85,7.23,6.2,8.2,8.85,10.57
197904,0.5,-0.72,1.62,0.51,-0.81,0.83,0.6,2.14,0.79,1.55
197905,-2.5,-1.31,-0.06,-0.42,-0.61,0.23,-3.55,-1.87,-2.31,-0.9
197906,5.68,4.68,3.36,3.3,5.59,4.36,6.08,3.19,7.18,6.8
197907,2.73,2.27,1.79,2.26,1.76,1.41,0.9,1.2,0.98,1.88
197908,8.33,8.3,6.26,6.13,4.45,4.43,5.54,7,7.97,7.34
197909,-3.71,-2.84,-2.71,-0.29,-1.83,-0.05,-1.29,2.95,2.64,4.19
197910,-13.27,-8.01,-6.98,-8.16,-7.34,-8.01,-7.22,-6.45,-4.45,-6.5
197911,2.21,4.82,4.07,1.83,5.62,5.98,8.82,9.97,11.23,12.55
197912,2.74,-0.42,1.06,2.11,2.76,2.86,1.4,5.07,3.2,8.92
198001,4.08,0.72,2.67,1.02,3.69,6.95,8.93,9.37,11.83,13.83
198002,-5.11,-3.67,-5,-5.32,-5.33,-0.73,0.66,4.26,6.6,5.17
198003,-3.73,-7.12,-6.43,-6.31,-8.82,-10.72,-12.86,-14.81,-16.66,-21.19
198004,6.78,6.17,6.96,4.29,2.57,3.56,5.17,3.38,5.18,6.85
198005,9.28,5.35,6.74,5.82,7.01,6.86,7.68,7.26,5.23,3.77
198006,4.7,2.32,3.49,1.71,1.51,2.98,3.01,3.97,4.06,6.31
198007,10.01,9.41,8.71,5.64,4.73,5.92,7.54,8.78,6.75,6.4
198008,2.7,2.39,-0.02,1.84,0.18,1.77,2.25,2.13,2.54,5.17
198009,0.08,-0.31,-0.2,-0.92,-0.88,2.44,3.03,4.51,5.87,8.35
198010,-1.74,-2.66,-1.31,2,-1.82,-0.67,2.01,5.85,5.31,5.29
198011,0.86,-0.51,1.58,5.4,7.74,13.15,12.42,16.39,21.83,17.09
198012,-0.28,2.84,2.75,-0.04,-1.48,-0.73,-5.42,-6.65,-7.74,-7.49
198101,-0.68,0.85,3.04,-0.19,-0.67,-2.7,-3.26,-5.32,-7.07,-11.26
198102,-0.11,3.85,2.08,1.85,2.03,2.81,3.09,0.39,2.22,-0.08
198103,10.18,4.61,2.71,7.03,2.17,3.24,2.83,3.85,6.29,8.29
198104,-1.44,0.33,0.08,0.84,-1.56,-2.74,0.42,-4.15,-1.32,0.54
198105,0.03,1.92,-0.63,1.29,2.18,-0.05,-0.33,1.72,2.32,6.3
198106,4.35,2.72,1.06,-0.55,-0.77,-1.6,-1.65,-3.23,-4.46,-8.46
198107,4.67,2.8,0.43,0.74,-1.95,-2.54,-2.22,-1.39,-1.25,-2.41
198108,-7.82,-4.75,-3.74,-4.74,-4.55,-6.11,-7.61,-4.95,-6.66,-8.48
198109,-9.95,-6.96,-5.32,-6.04,-4.32,-4.77,-6.32,-4.3,-5.03,-8.69
198110,3.47,6.01,2.53,6.39,6.09,5.28,7.09,5.84,8.5,12.06
198111,3.71,4.92,5.22,7.15,4.51,3.99,5.32,3.46,2.98,2.76
198112,-5.25,-4.16,-2.07,-2.49,-1.64,-2.36,-2.52,-3.05,-2.3,-2.63
198201,-4.81,-6.11,-1.15,-4.66,-1.63,-2.41,-0.11,-1.15,-0.1,-3.56
198202,-9.32,-9.67,-5.44,-6.46,-5.49,-4.09,-1.75,-3.12,-0.35,-4.9
198203,-4.44,-2.43,-1.3,-1.29,-0.78,-2.17,-0.1,1.68,1.69,-0.52
198204,5.68,4.33,4.83,4.07,4.29,3.73,4.72,5.44,2.75,5.22
198205,-6.44,-4.61,-3.58,-1.3,-2.91,-1.16,-2.91,-2.85,-3.02,-1.98
198206,-9.06,-5.39,-2.54,-1.01,-4.53,-2.74,-1,-0.72,0.05,0.84
198207,-6.66,-4.39,-4.06,-2.97,-4.52,-3.95,-2.48,-0.39,2.49,-1.38
198208,10.67,16.48,15.14,12.81,11.52,13.48,10.53,11.34,10.47,9.69
198209,-3.44,0.14,2.35,3.12,1.22,2.07,0.98,1.97,2.53,4.82
198210,13.82,12.31,13.05,10.93,9.22,16.68,12.5,10.67,10.36,13.93
198211,1.62,4.68,-0.19,5.94,4.17,5.3,6.85,5.57,6.59,10.13
198212,3.79,2.54,1.35,-0.75,-0.08,2.19,0.95,0.5,2.78,0.14
198301,7.03,4.78,4.67,8.89,4.47,1.64,2.41,1.89,4.51,2.54
198302,-2.03,2.27,2.54,1.17,3.58,2.88,4.15,4.26,5.05,6.89
198303,2.22,3.97,4.03,4.18,1.21,3.8,2.89,3.71,3.27,4.88
198304,6.6,8.55,7.6,6.46,5.44,5.88,5.36,10.54,4.82,10.69
198305,8.8,2.05,-0.31,0.59,1,-0.77,-0.24,-0.5,1.59,4.74
198306,4.78,4.9,2.5,0.82,2.01,4.4,2.24,6.41,4.81,5.77
198307,-2.69,-1.4,-3.47,-2.35,-2.33,-4.19,-1.83,-3.28,-3.77,-7.9
198308,-0.27,3.97,3.78,2.37,2.36,-0.64,-0.25,-2.37,-5.03,-4.5
198309,3.56,1.63,0.74,0.24,3.16,1.36,4.12,-0.91,3.37,1.13
198310,-1.84,2.17,-2.37,-1.21,-1.73,-1.41,-2.48,-4.83,-5.74,-9.42
198311,4.46,1.11,3.41,2.83,2.55,3.63,3.92,0,3.65,5.33
198312,0.27,-1.2,-1.22,-1.01,-2.1,-2.88,0.07,-0.14,1.16,-2.73
198401,-1.89,-0.72,0.94,-0.69,-0.83,-0.71,-0.46,-0.98,-3,-6.66
198402,-5.59,-3.86,-4.75,-2.42,-3.21,-3.98,-4.06,-4.29,-4.12,-6.02
198403,-1.16,1.6,1.94,1.91,1.67,1.83,0.86,1.6,1.14,2.31
198404,-0.99,-0.07,-1.05,-1.39,1.13,0.78,0.44,-0.4,2.2,1.66
198405,-8.76,-5.45,-4.84,-4.16,-4.9,-5.43,-4.72,-4.58,-4.63,-5.46
198406,1.21,3.91,3.51,2.17,4.16,5.4,2.03,1.28,1.77,1.51
198407,-6.98,-5.16,-1.17,-3.14,-1.95,-0.23,-1.18,-2.51,-2.15,-2.14
198408,13.57,16.07,13.93,11.5,12.45,12.83,11.72,9.72,8.17,8.73
198409,-3.36,-0.74,-1.49,-2.85,0.32,0.06,-0.53,2.25,1.14,1.27
198410,-3.38,-3.11,-0.08,-0.37,0.39,-0.44,1.08,1.25,0.8,0.64
198411,-4.63,-1.1,-1.06,-0.2,-1.24,-0.99,-0.86,-1.04,-0.73,-1.29
198412,1.01,-0.11,2.2,3.72,2.35,1.56,2.81,2.36,3.06,2.67
198501,16.56,13.81,11.69,10.1,10.68,9.67,7.48,6.52,4.86,6.45
198502,0.31,1.39,0.37,1.15,2.06,2.1,1.47,1.29,2.9,2.94
198503,-0.99,-0.78,-0.5,-0.48,-0.47,2.58,-1.53,0.75,0.37,-0.54
198504,-3.42,-2.31,-1.56,0.86,-0.08,-0.67,-0.26,0.69,0.57,0.03
198505,-0.52,2.11,3.33,5.94,4.14,7.2,8.05,6.4,6.25,7.59
198506,-1.23,-0.15,1.83,1.23,-0.02,2.14,1.98,3.31,2.9,3.82
198507,2.84,5.47,2.36,1.48,2.24,0.33,-1.02,-2.71,-2.02,-1.54
198508,-2.98,-2.1,-0.77,-2.05,-0.91,0.2,0.09,1.22,0.37,-0.89
198509,-8.89,-5.32,-3.45,-3.1,-4.31,-2.89,-3.57,-2.85,-4.41,-5.05
198510,0.15,0.25,2.33,4.21,3.91,4.59,5.82,5.44,5.67,7.45
198511,6.85,7.68,8.49,8.32,6.65,6.97,5.8,5.66,6.94,7.99
198512,3.48,5.25,4.37,7.51,4.59,3.14,3.75,4.4,4.14,3.97
198601,-2.15,0.93,1.88,1.09,0.08,-1.31,0.43,2.36,2.53,4.55
198602,4.66,6.42,6.57,9.59,5.89,6.95,8.9,7.43,8.99,8.48
198603,2.39,1.32,5.19,4.73,3.77,5.81,5.54,6.7,8.29,5.83
198604,-0.85,-0.22,1.38,0.09,0.53,-2.1,-2.43,-0.24,-2.99,0.17
198605,4.85,5.24,4.15,1.86,4.16,4.89,5.6,5.66,7.72,6.72
198606,-4.38,-1.72,-0.29,-0.21,0.55,1.84,2.8,3.56,4.31,3.26
198607,-11.79,-8.78,-5.76,-4.59,-5.86,-4.22,-5.23,-4.92,-5.85,-7.51
198608,11.78,12.06,9.12,8.89,8.47,5.83,5.75,5.44,4.54,3.79
198609,-1.54,-2.88,-3.96,-5.16,-5.39,-9.05,-8.61,-11.21,-10.33,-11.46
198610,1.62,3.36,3.85,1.26,6.13,5.34,5.95,6.76,5.65,7.28
198611,0.35,-0.21,2.24,2.53,1.27,2.87,1.12,1.54,1.55,0.56
198612,-5.3,-3.88,-2.51,-3.81,-1.48,-2.7,-1.7,-3.01,-3.33,-2.19
198701,14.18,10.11,10.93,11.01,10.65,13.27,12.49,12.9,11.99,18.21
198702,8.3,8.14,6.25,5.89,6.82,5.34,2.29,2.79,3.21,5.27
198703,0.19,4.23,-1.44,1.05,0.15,3.37,0.92,1.83,2.32,4.09
198704,-5,-2.11,1.52,-3.22,-2.47,-3.09,-3.9,-2.34,-0.16,0.39
198705,1.26,2.47,0.66,-0.99,0.44,-0.4,1.51,-0.21,1.63,0.71
198706,1.96,4.48,4.93,4.77,5.87,4.39,4.35,4.59,4.73,3.76
198707,3.04,1.58,3,2.83,4.91,2.68,5.93,6.79,4.29,5.59
198708,3.12,5.04,5.52,5.27,3.13,3.27,4.15,3.44,3.64,4.11
198709,-2.99,-1.54,-1.5,-1.6,-5.54,-2.14,-1.65,-2.63,-0.95,-0.29
198710,-23.82,-15.83,-15.52,-18.65,-21.48,-23.77,-24.28,-20.53,-26.27,-26.74
198711,-5.91,-4.34,-5.71,-6.86,-8.63,-7.7,-8.06,-7.84,-8.68,-6.29
198712,2.02,4.04,4.62,6.48,6.78,6.27,6.61,8.24,8.21,8.06
198801,7.49,8.88,11.34,7.96,7.16,5.77,5.51,3.92,2.55,-2.09
198802,8.88,10.27,5.94,6.25,4.61,4.08,2.98,3.59,6.42,7.54
198803,0.19,-0.01,-0.37,-1.1,-4.15,-3.21,-1.17,-3.01,-1.88,0.17
198804,-0.25,0.02,-0.19,2.01,-0.29,-0.41,1.24,1.26,2.07,1.77
198805,-3.21,0.17,0.78,1.72,-0.61,-0.49,0.54,1.42,-0.4,-0.96
198806,9.77,8.06,8.76,4.02,5.04,4.43,4.82,3.55,4.41,3.96
198807,-2.39,-2.26,-1.09,-1.38,-0.11,-0.19,-0.56,-0.09,-0.62,-1.16
198808,-3.64,-3.32,-2.42,-4.07,-1.85,-2.38,-2.65,-2.03,-2.91,-3
198809,2.01,3.14,4.99,5.17,4.9,3.62,2.88,2.31,3.99,4.43
198810,0.6,1.03,0.95,2,3.1,0.7,2.66,0.85,3.57,1.79
198811,-4,-0.92,-2.14,-1.02,-1.94,-2.41,-0.73,-2.26,-1.27,-2.06
198812,2.53,3.42,1.84,2.28,1.81,1.94,1.81,1.44,2.91,2.13
198901,8.55,6.13,7.91,6.51,5.06,6.11,7.07,5.62,7.95,6.73
198902,-1.61,-1.32,-1.83,-2.07,-1.95,-2.84,-1.91,-1,-0.92,1.51
198903,-1.91,0.82,-0.12,1.99,3.28,2.05,0.75,4.39,3.4,4.58
198904,2.23,4.61,4.34,5.04,4.84,3.49,5.84,5.58,6,5.65
198905,3.4,5.2,1.31,3.84,3.75,5.55,3.41,4.17,5.23,5.38
198906,-3.39,-3.28,0.17,0.32,-0.02,-1.43,-0.64,-0.21,-0.41,-0.32
198907,-0.82,4.05,5.17,6.96,6.66,7.37,7.44,9.59,11.74,9.43
198908,1.02,3.43,3.23,2.93,3.89,2.61,0.42,1.68,1.13,2.15
198909,-3.1,-0.67,-2.33,-2.63,-0.3,-0.78,-0.39,-0.21,0.66,3.85
198910,-9.94,-7.65,-2.75,-3.55,-2.93,-3.08,-1.36,-2.08,-2.51,-4.34
198911,-2.59,-1.69,0.07,-0.13,1.51,2.47,4.23,1.62,2.51,1.26
198912,-1.12,-1.32,-1.27,2.13,2.47,1.87,3.79,3.52,2.37,-0.44
199001,-8.77,-3.9,-4.63,-6.41,-6.31,-7.07,-6.01,-6.57,-8.23,-10.96
199002,2.07,4.79,2.34,2.52,1.41,1.45,0.68,1.2,1.79,1.43
199003,1.5,1.89,2.79,2.9,0.11,1.18,2.08,2.08,3.23,3.87
199004,-7.62,-4.73,-3.87,-3.78,-2.15,-2.9,-2.65,-2.47,-2.31,-1.57
199005,4.13,8.78,7.86,8.41,9.56,7.33,8.66,9.06,8.46,13.28
199006,-2.36,-3.68,-2.32,-1.67,-0.69,-1.48,-0.88,-1.6,1.28,1.68
199007,-9.27,-7.72,-6.74,-3.48,-1.66,-1.44,-0.88,0.22,1.38,-1.76
199008,-16.37,-12.51,-10.32,-10.87,-9.3,-9.67,-9.66,-7.64,-8.4,-10.3
199009,-13.56,-12.85,-10.89,-7.66,-8.43,-2.64,-2.29,-4.28,-4,-6.54
199010,-11.16,-8.95,-6.47,-3.47,-3.71,0.17,0.55,0.72,0.34,-0.9
199011,13.66,13.99,12.4,7.48,7.78,8.36,6.75,5.72,5.33,5.5
199012,-0.7,3.03,5.78,4.06,6.23,4.07,3.63,2.83,2.07,1.69
199101,8.59,13.88,13.26,9.79,5.13,6.25,3.93,1.2,2.38,6.05
199102,20.67,15.13,10.88,5.68,7.86,7.35,6.99,5.64,6.53,9.34
199103,5.86,4.98,0.17,1.68,2.39,1.4,2.38,3.08,1.87,6.5
199104,-1.64,2.52,4.11,0.25,-0.52,1.64,0.74,0.78,-0.72,-1.47
199105,1.49,7.04,6.55,3.16,4.16,3.86,2.99,4.04,4.06,4.05
199106,-4.19,-5.41,-5.79,-4.75,-5.25,-4.67,-4.53,-3.7,-3.39,-4.63
199107,1.83,3.41,2.78,3.19,3.62,3.18,2.55,5.74,7.73,7.76
199108,5.7,4.5,2.89,0.52,2.25,2,0.97,3.29,3.65,5.83
199109,-6.32,-2.6,-0.47,-1.79,-0.53,-0.68,-1.2,-2.28,-1.1,0.66
199110,0.75,-1.87,1.17,1.46,2.05,0.37,2.28,3.01,1.62,3.84
199111,-8.42,-5.26,-5.17,-2.61,-2.94,-2.55,-3.13,-0.69,-5.29,-5.39
199112,2.6,4.07,9.7,8.77,8.41,10.68,14.72,13.91,14.57,17.71
199201,5.72,1.24,2.52,0.24,-1.56,-1.66,-3.34,-0.62,-2.27,2.45
199202,1.88,5.76,1.23,1.85,0.16,1.08,0.46,2.07,1.67,0.84
199203,-5.38,-1.69,-2.7,-1.11,-1.66,-1.57,-1.19,-2.9,-2.79,-4.04
199204,0.48,5.5,2.15,3.71,2.41,2.99,0.79,0.29,-1.19,-2.47
199205,3.47,1.83,-0.59,-0.2,0.07,0.52,-0.19,1.93,0.97,2.31
199206,-5.67,-3.4,-1.04,-1.18,-0.39,-1.07,-0.8,-3,-4.38,-4.1
199207,2.58,4.22,2.97,3.37,4.46,4.53,5.05,3.9,4.5,4.06
199208,-3.44,-2.09,-2.1,-0.38,-2.01,-0.55,-3.45,-2.67,-2.6,-4.52
199209,-0.21,0.1,2.15,0.6,2.19,1.1,1.56,0.16,2.31,4.3
199210,2.31,0.16,-0.94,1.47,0.27,0.79,-0.45,2.26,2.53,5.29
199211,7.73,4.25,4.41,3.94,4.05,1.79,4.28,4.5,3.79,8.5
199212,-1.54,-2.87,-0.24,1.61,2.77,1.7,2.79,1.08,2.31,6.06
199301,1.36,-3.52,-1.94,0.23,0.34,1.01,2.5,1.94,4.75,6.36
199302,-2.35,-1.79,-2.51,-2.48,0.49,3.11,1.86,1.14,2.27,-0.68
199303,-2.88,0.95,1.87,0.83,2.47,3.49,1.09,3.51,5.07,4.71
199304,-5.92,1.2,-5.72,-1.52,-2.85,-2.43,-2.68,-2.47,-3.89,-3.24
199305,5.6,3.48,2.87,2.88,1.27,1.76,1.31,4.74,3.11,8.1
199306,-2.87,-3.67,-1.04,-1.96,0.03,0.42,3.33,2.88,3.22,3.03
199307,-5.53,-1.17,-1.82,-0.13,0.55,-0.25,-0.25,3.08,1.32,0.74
199308,2.96,4.57,3.22,3.11,2.27,4.05,2.4,5.21,4.2,8.6
199309,-3.02,-1.3,-1.07,-1.12,-0.62,0.9,0.91,0.09,0.42,4.88
199310,9.5,3.8,2.82,1.34,-1.07,-0.09,0.59,1.41,0.58,0.86
199311,4.42,2.84,0.25,-1.37,-2.31,-3.8,-3.02,-2.47,-4.05,-4.81
199312,0.76,-1.38,1.67,1.9,3.01,2.12,2.17,2.51,2.23,3.06
199401,6.69,3.94,2.78,0.96,3.11,2.06,3.02,3.45,3.08,4.81
199402,-1.54,-1.67,-2.68,-3.27,-2.15,-2.31,-2.44,-2.52,-2.74,-1.18
199403,-4.89,-4.17,-4.24,-2.89,-4.27,-3.89,-5.07,-4.65,-5.36,-5.48
199404,-1.48,0.41,1.68,2.35,1.46,2.02,0.4,1.12,-1.01,0.32
199405,1.46,1.61,1.48,0.64,1.79,1.07,1.32,0.5,0.55,-2.35
199406,-4.33,-1.38,-2.18,-1.64,-3.32,-3.04,-1.6,-2.16,-3.48,-6.1
199407,3.01,3.7,2.46,3.29,2.13,4.65,4.44,1.86,2.1,2.51
199408,5.37,5.12,2.75,3.12,2.19,4.37,4.02,5.66,5.78,8.45
199409,-1.2,-2.33,-2.6,-2.79,-2.15,-2.17,-2.08,-2.18,-1.93,0.82
199410,-0.48,1.59,1.52,2.58,2.06,1.98,1.04,0.58,2.44,2.95
199411,-3.19,-3,-2,-3.68,-4.69,-3.74,-3.51,-2.49,-4.39,-5.32
199412,-2.17,-1.11,1.01,-0.17,1.77,2.58,1.74,0.68,2.46,1.5
199501,1.68,1.95,4.21,3.77,2.71,1.78,3.71,2.95,0.87,-1.83
199502,3.14,5.03,4.69,5.54,3.04,4.55,3.93,3.45,2.99,4.23
199503,0.38,3.38,3.37,3.07,2.25,1.73,2.59,2.46,2.07,3.98
199504,2.58,0.86,0.09,1.34,1.83,2.5,2.67,2.88,2.53,4.72
199505,2.13,3.9,4.18,3.55,3.15,4.41,3.5,4.16,2.83,2.67
199506,7.05,2.02,2.61,2.45,0.84,1.61,1.14,2.4,3.82,7.21
199507,5.79,4.27,2.85,3.06,4.23,3.11,4.11,2.16,4.35,6.54
199508,1.25,-0.36,2.27,2.18,0.71,1.7,1.42,-0.12,0.73,0.74
199509,-1.64,1.86,2.49,4.22,2.39,3.82,4.29,4.72,5.65,3.27
199510,-7.42,-7.34,-3.33,-3.83,-1.09,-0.9,0.35,0.23,0.31,-0.34
199511,4.91,7.57,5.03,5.63,5.44,4.21,3.94,5.38,4.02,1.3
199512,-2.49,-0.62,1.03,2,2.3,3.01,1.55,2.21,2.82,-1.42
199601,0.21,1.72,1.66,0.55,1.16,1.71,4.01,3.11,3.99,2.69
199602,4.46,2.53,0.96,1.82,0.98,1.69,-0.03,1.2,3.14,3.55
199603,4.37,3.43,2.94,2.22,1.22,0.72,1.4,0.82,0.14,0.47
199604,10.25,3.63,5.73,2.96,1.71,0.26,0.66,1.69,0.5,6.35
199605,0.95,3.39,2.57,3.48,1.7,1.53,2.06,3.81,2.32,5
199606,-6.89,-2.86,-1.23,0.82,-1.77,0.01,1.41,1.46,-1.57,-4.12
199607,-11.4,-7.51,-6.14,-3.89,-5.27,-4.15,-3.54,-4.42,-4.71,-10.83
199608,4.53,4.33,5.13,3,4.37,2.85,1.89,2.78,1.65,5.79
199609,5.16,2.84,3.29,4.99,3.64,3.9,5.48,5.48,6.56,8.02
199610,-7.82,-4.05,-0.6,2.67,1.48,4.21,2.55,3.71,2.94,-1.03
199611,11.86,8.41,4.99,6.34,7.32,5.9,8.52,8.02,6.12,1.59
199612,0.71,-1.1,-0.32,0.38,-0.63,-0.7,-2.73,-2.05,-2.75,0.84
199701,3.09,2,4.44,3.2,3.11,3.54,5.8,7.69,6.15,9.1
199702,-2.96,0.07,0.66,1.64,1.22,1.03,2.74,0.78,-1.6,-6.85
199703,-7.84,-4.16,-3.63,-5.28,-2.81,-2.6,-4.99,-3.43,-6.39,-4.43
199704,-2.87,1.56,-0.24,1.49,2.66,2.86,5.93,6.93,6.93,8.97
199705,17.49,12.34,10.87,6.4,5.48,7.13,5.82,7.24,5.34,6.13
199706,1.44,1.79,6.07,3.67,3.07,3.62,3.89,4.36,5.93,4.51
199707,4.12,4.6,5.28,7.65,4.49,8.3,5.77,6.71,7.47,15.24
199708,1.55,1.38,-2.15,-2.33,-2.48,-3.27,-4.23,-6.58,-6.73,-2.68
199709,4.1,6.84,5.36,4.69,4.93,6.72,5.02,4.93,6.23,6.92
199710,-5.99,-4.89,0.28,-3.37,-1.43,-3.44,-2.83,-3.04,-1.64,-7.87
199711,-1.8,2.81,5.27,5.53,2.8,5.19,4.28,3.31,1.76,1.17
199712,-2.9,0.01,2.08,2.41,1.45,1.22,3.34,5.4,0.75,1.4
199801,0.05,-0.6,-0.46,-1.34,0.8,-0.74,2.24,-0.47,1.29,2.62
199802,8.43,8.5,8.09,8.04,7.4,8.84,5.22,6.4,6.42,9.82
199803,4.52,2.72,4.49,3.6,5.04,5.52,5,6.08,5.62,6.51
199804,4.66,-0.76,0.38,0.28,1.79,-1.09,-0.01,2.1,0.42,5.53
199805,-8.58,-4.5,-2.7,-2.49,-2.09,-1.73,-2.22,-2.62,0.1,-3.46
199806,-3.67,-1.44,0.46,1.79,0.66,2.15,7.22,3.24,5.37,9.61
199807,-7.21,-5.54,-1.63,-2.56,-4.19,-4.06,-0.68,-1.61,-1.09,0.94
199808,-21.69,-19.08,-12.82,-14.51,-17.71,-16.11,-14.12,-13.85,-13.59,-16.85
199809,14.01,8.34,8.39,9.5,6.96,5.74,3.69,6.84,3.56,8.53
199810,13.29,11.4,9.8,8.51,6.61,10.83,8.23,9.5,7.74,4.21
199811,3.54,2.97,8.93,7.73,5.96,6.73,4.09,6.76,5.16,7.53
199812,-1.01,0.96,-2.2,-1.48,1.86,1.9,4.23,4.53,5.9,12.99
199901,2.13,1.5,-1.11,-1.49,1.91,-0.25,1.18,1.3,0.63,9
199902,-6.92,-5.56,-3.66,-2.17,-4.63,-0.6,-2.54,-2.27,-4.98,-4.65
199903,10.59,3.32,2.63,2.6,3.06,-0.46,2.26,2.46,2.62,5.67
199904,17.86,13.06,14.66,11.79,11.98,9.92,5.72,10.37,4.03,-0.84
199905,7.25,4.83,3.95,1.13,-0.19,0.03,-0.51,-0.89,-3.33,-2.91
199906,1.43,4.92,2.42,1.17,0.83,-0.08,3.68,1.29,5.48,8.57
199907,-4.05,-4.73,-1.97,-3.58,-3.45,-2.91,-5.01,-4.09,-2.25,-1.69
199908,-5.31,-4.57,-1.27,-4.14,-4,0.08,-2.09,0.26,-1.94,0.99
199909,-6.32,-5.38,-9.78,-6.89,-6.69,-3.72,-1.87,-0.38,-1.41,0.16
199910,-4.21,1.11,1.18,4.91,9.61,5.3,4.69,7.92,7.39,5.97
199911,2.81,4.7,-0.96,-1.76,-2.96,-0.88,0.71,0.02,1.04,10.42
199912,-0.34,2.36,-2.65,-3.92,-1.26,-2.63,-4.77,2.8,3.17,21.8
200001,-4.4,-2.99,-5.77,-3.83,-2.76,-0.66,-1.28,-3.14,-8.84,-2.71
200002,-3.09,-6.75,-8.8,-6.27,-10.57,-4.14,-6.12,-3.43,-2.91,23.07
200003,8.66,13.46,13.62,9.62,9.17,12.01,11.21,8.57,13.24,-0.67
200004,-2.27,0.56,4.4,2.24,-0.57,-2.71,-11.89,-0.92,-4.2,-8.8
200005,1.15,5.15,5.98,4.28,-0.8,1.82,2.6,-3.28,-3.16,-11.49
200006,-5.17,-5.39,-5.5,-2.73,6.98,-3.51,-3.08,3.25,3.45,13.22
200007,-4.71,0.94,-6.06,-0.01,-3.68,-0.84,0.46,1.31,-0.49,-3.25
200008,6.95,8.14,3.42,4.34,3.07,4.2,3.12,4.68,5.82,14.11
200009,-12.52,-1.7,-7.79,3.79,-2.65,2.72,1.7,0.72,-1.38,-11.75
200010,-8.36,4.95,2.67,7.72,0.75,1.31,0.19,-1.32,-2.13,-7.8
200011,-23.76,-8.67,-3.5,-3.5,0.26,-8.79,-3.51,-7.04,-9.57,-24.57
200012,-10.82,0.33,0.32,6.79,1.14,7.26,-3.36,2.94,3.11,5.93
200101,35.57,26.08,5.98,11.33,3.68,-3.74,0.37,-2.67,-6.76,-6.46
200102,-19.83,-21.24,-11.42,-8.05,-5.11,-12.04,-3.91,-1.7,-4.54,-4.29
200103,-17.59,-10.71,-6.77,-7.05,-4.01,-6.11,-5.08,-3.34,-3.77,-2.9
200104,15.11,17.49,10.26,6.91,7.48,2.73,3.74,3.44,4.39,5.62
200105,-5.83,0.67,1.15,1.91,2.42,1.43,4.28,2.69,1.83,3.26
200106,0.01,-1.67,-2.34,-4,-0.47,-0.98,-2.92,-1.67,-2.39,1.09
200107,-6.75,-4.27,-1.46,-0.74,-0.99,-0.64,1.88,1.67,0.46,-2.89
200108,-14.36,-7.63,-6.5,-6.3,-4.04,-2.59,-1.77,-1.96,-3.97,-3.48
200109,-22.83,-13.88,-11.23,-6.01,-4.18,-2.96,-4.16,-6.05,-4.98,-7.37
200110,15.29,4.79,1.53,2.14,0.05,1.29,-0.07,-0.05,-0.09,0.98
200111,20.23,11.38,8.12,5.95,5.45,4.94,5.7,3.72,5.49,4.88
200112,-0.68,0,0.16,1.99,2.22,4.48,2.34,2.64,3.57,4.9
200201,-1.37,-2.29,-3.3,-1.56,-0.97,-2.08,1,-0.36,-2.02,-0.27
200202,-17.76,-3.24,-1.15,-0.33,-0.05,-1.59,2.16,0.44,0.28,-2.24
200203,7.91,3.69,5.29,2.85,4.5,4.7,3.88,3.83,5.87,5.91
200204,-13.8,-10,-8.14,-7.01,-5.08,-1,-1.57,1.18,-0.58,-0.43
200205,-5.78,-1.48,-1.02,-0.71,0.24,-1.65,0.85,-2.32,0.9,-2.45
200206,-14.62,-8.41,-4.33,-7.4,-8.69,-7.01,-3.24,-6.49,-2.66,-3.56
200207,-6.66,-10.38,-9.61,-6.45,-7.13,-7.9,-5.64,-6.86,-6.53,-11.82
200208,4.48,-2.51,0.86,1.8,1.57,0.87,2.53,0.59,1.93,1.38
200209,-15.97,-16.04,-13.5,-11.66,-8.33,-8.48,-7.07,-7.41,-4.58,-3.07
200210,19.25,9.36,11.43,9.12,3.9,3.92,5.14,4.24,5.1,5.02
200211,22.36,11.67,8.33,4.94,2.85,1.62,3.06,0.19,-2.97,2.24
200212,-14.06,-12.16,-8.23,-7.96,-1.32,-3.36,-3.35,-1.12,0.13,-1.74
200301,-3.93,-1.6,-3.23,-2.26,-3.59,-3.14,-2.76,-2.38,-0.83,-1.04
200302,0.75,-2.54,-2.09,-3.06,-1.86,-0.59,-2.85,-2.42,-1.27,0.3
200303,0.33,0.35,-1.49,1.39,1.4,2.6,0.87,1.04,0.95,3.74
200304,19.79,17.1,12.32,13.13,7.37,5.31,7.15,5.3,5.67,4.63
200305,21.9,12.52,13.78,9.71,6.3,4.53,4.67,1.63,5.27,7.05
200306,2.16,4.45,1.5,2.22,1.41,0.71,-0.12,1.9,1.42,1.91
200307,5.34,4.65,3.36,3.74,1.31,1.04,0.82,3.81,1.75,3.26
200308,3.75,4.33,2.32,1.69,0.71,4.79,1.61,1.37,2.66,4.01
200309,-0.57,-1.13,-0.63,-0.66,0.38,-2.43,-2.58,-1.58,-1.31,-1.79
200310,3.84,4.85,5.46,4.68,1.47,6.54,7.42,7.77,8.37,11.76
200311,0.52,1.85,0.26,2.01,1.75,0.22,1.14,1.18,4.11,3.24
200312,8.99,7.57,5.98,4.99,4.82,3.41,3.96,1.48,1.75,-1.24
200401,2.5,1.02,0.94,3.96,0.88,2.26,2.17,2.11,3.28,3.66
200402,2.08,1.18,1.46,2.51,2.57,1.82,0.9,2.47,-0.58,-0.09
200403,-1.82,-2.86,-1.04,0,-2.04,0.07,-1.14,-0.64,0.4,-1.33
200404,2.63,-0.19,0.14,-1.51,-1.29,-3.46,-3.12,-5.93,-3.83,-7.7
200405,-0.17,0.79,1.88,1.92,-0.5,1.89,3.59,0.42,2.41,2.75
200406,1.16,1.93,1.7,1.19,-0.32,2.2,4.13,4.52,5.19,1.81
200407,-4.41,-2.74,-2.11,-4.89,-1.91,-2.99,-5.88,-5.76,-6.66,-8.79
200408,-0.06,1.49,0.08,0.7,-0.42,0.96,-0.9,-0.07,-0.69,-1.9
200409,2.21,-0.98,-0.75,0.93,0.32,0.78,4,4.61,6.68,7.34
200410,5.63,2.52,1.28,1.17,2.13,-1.01,0.84,0.26,2.29,2.36
200411,4.38,1.31,3.76,5.63,3.9,4.38,5.8,6.15,7.24,9.93
200412,7.38,2.96,4.69,4.96,3.41,3.54,3.06,2.32,1.02,2.04
200501,-6.81,-2.4,-2.84,-1.89,-1.76,-1,-2.45,0.18,-2.3,-3.99
200502,4.13,0.41,-0.81,0.15,0.42,0.98,8.21,3.92,2.45,5.43
200503,-2.9,-3.01,-1.74,-2.17,-0.87,-0.73,-1.16,-2.36,-0.97,-1.5
200504,-3.26,-0.77,-2.71,-2.73,-0.98,-1.35,-2.07,-1.91,-5.01,-6.59
200505,5.88,5.35,1.84,2.89,4.26,4.15,1.49,4.62,3.13,6.39
200506,0.3,-0.02,0.19,0.27,-0.62,-0.54,0.29,1.74,3.05,5.6
200507,7.07,4.17,3.49,4.54,2.47,4.25,3.25,3.64,5.83,5.96
200508,-3.05,-3.4,0.46,-1.48,-2.35,-0.32,-0.42,-0.15,1.89,1.16
200509,-2.2,-0.51,-0.12,-1,0.93,2.48,0.85,2.38,3.2,3.9
200510,0.64,-0.58,-0.43,-0.19,-0.29,-3.47,-5.11,-1.71,-4.37,-2.82
200511,3.5,3.92,3.52,4.68,4.66,2.79,3.72,5.54,3.45,3.21
200512,0,1.13,-1.38,-0.69,-0.11,-0.41,0.84,-0.17,1.39,1.8
200601,6.72,3.93,2.28,-1.18,1.67,2.56,3.38,2.81,6.14,9.96
200602,-1.2,0.64,1.36,0.58,1.73,-0.08,1.71,0.01,-0.42,-5.62
200603,2.25,1.95,2.61,0.61,0.65,0.76,1.4,2.13,2.53,4.89
200604,0.68,-0.08,1.46,1.85,2.04,0.42,0.82,0.93,0.72,1.66
200605,-1.38,-1.6,-1.07,-2.08,-2.89,-3.53,-4.12,-4.14,-5.57,-7.98
200606,-0.33,-0.89,-0.91,0.54,-0.01,1.06,0.32,0.56,1.23,-0.88
200607,-4.87,1.96,0.08,-1.58,1.38,1.95,0.64,-0.51,-3.39,-6.4
200608,6.69,2.4,4.27,3.85,4.32,1.31,1.84,1.41,0.83,-2.25
200609,2.27,2.08,3.43,2.66,3.23,1.25,1.79,1.41,2.57,1.94
200610,5.72,4.7,3.71,4.35,3.17,3.54,1.37,4.71,2.77,6.62
200611,5.49,3.3,1.82,2.84,1.3,0.19,2.34,1.89,2.97,2.21
200612,-0.81,-0.37,0.68,1.77,2.78,2.18,0.85,0.77,1.36,0.91
200701,2.76,2.58,0.97,0.44,2.07,1.92,1.55,2.72,1.61,3.15
200702,-0.26,1.26,-1.74,-0.4,-2.55,-0.56,-1.71,-2.68,-1.78,-2.8
200703,-1.15,-0.56,0.56,0.51,0.34,-0.03,1.45,2.34,3.8,1.79
200704,3.54,4.98,4.5,3.47,4.93,4.5,3.08,4.54,4.23,2.15
200705,3.25,3.99,3.47,4.01,2.82,4.47,3.03,4.1,2.95,5.41
200706,-2.88,-2.62,-0.13,-1.4,-1.92,-1.03,-1.82,-1.22,-1.72,-1.42
200707,-4.36,-5.08,-5.93,-3.62,-2.38,-4.07,-4.58,-1.19,-2.81,-1.5
200708,-1.1,2.48,2.16,1.07,1.12,0.55,1.53,2.05,2.16,1.79
200709,2.34,0.76,1.13,1.8,2.52,3.59,4.58,5.57,4.48,7.89
200710,-1.28,-0.9,-1.47,-0.11,4.95,0.84,3.73,3.49,1.42,7.93
200711,-13.39,-8.53,-3.83,-4.29,-5.99,-2.28,-2.53,-3.45,-5.59,-5.67
200712,-6.85,-6.69,-5.92,-3.78,-2.36,-0.66,0.24,2.36,0.91,4.3
200801,3.18,-0.74,-3.27,-0.12,-1.87,-4.58,-6.43,-7.16,-8.74,-13.39
200802,-12.5,-7.9,-8.07,-7.44,-1.62,-2.43,-2.62,-3.51,-0.13,2.51
200803,-9.72,-5.47,-4.07,-0.2,-1.75,-1.71,1.37,1.22,-0.55,-0.24
200804,8.13,7.95,5.5,4.83,4.79,1.1,0.77,4.79,5.31,11.12
200805,-2.44,-0.67,-0.71,0.88,-0.51,3.2,2.34,1.96,1.78,7.02
200806,-20.48,-18.18,-16.64,-12.45,-9.46,-10.11,-9.27,-6.89,-4.76,-0.27
200807,2.15,-0.54,7.63,4.1,2.33,3.45,-1.3,0.64,-3.54,-9.89
200808,-4.93,3.09,6.85,2.42,3.25,2.39,3.12,0.81,0.61,-2.79
200809,-23.12,-12.6,-7.04,-9.76,-7.32,-6,-2.74,-7.15,-12.43,-15.2
200810,-26.12,-24.85,-23.31,-18.37,-13.95,-16.93,-15.55,-14.37,-16.61,-14.95
200811,-20.26,-17.24,-12.59,-5.44,-9.14,-1.93,-4.77,-5.42,-8.66,-8.58
200812,3.87,9.04,4.39,3.49,1.7,1.51,2.23,-0.74,0.65,0.78
200901,-8.32,-10.74,-6.56,-7.35,-12.49,-8.27,-5.18,-8.03,-5.98,-12.01
200902,-25.63,-16.61,-7.76,-16.59,-8.66,-8.6,-9.72,-9.49,-11.28,-4.55
200903,44.59,14.13,13.91,11.57,12.44,10.5,9.78,8.9,4.25,4.83
200904,45.46,35.5,33.78,21.66,20.81,15.53,9.73,4.51,2.97,-0.12
200905,21.48,17.38,10.43,10.96,9.33,6.94,1.88,4.52,1.1,2.3
200906,-6.22,-1.72,-6.98,-0.88,-0.2,0.81,2.04,0.53,2.01,3.02
200907,12.17,11.77,11.06,10.91,10.08,8.17,5.94,6.3,6.77,5.66
200908,25.59,9.52,4.41,5.29,3.41,3.78,2.15,2.41,2.08,0.21
200909,8.7,9.13,6.05,5.04,3.75,5.39,2.75,2.71,3.32,5.05
200910,-13.22,-6.59,-3.89,-1.51,-2.64,-0.95,-1.42,-1.8,-0.74,-4.08
200911,5.02,7,5.21,5.85,4.84,5.5,4.92,4.65,5.68,6.41
200912,1.4,-1.36,2.03,3.19,3.19,3.8,4.15,4.62,5.37,5.53
201001,1.99,-2.06,0.28,-2.49,-2.36,-4.12,-4.75,-6.05,-7.73,-6.7
201002,1.43,1.53,1.88,1.57,3.16,4.72,5.6,4.09,5.97,8.45
201003,4.64,5.22,4.43,5.02,5.41,5.3,8.54,11.29,10.23,8.71
201004,0.67,0.75,2.7,-0.2,1.3,1.88,2.4,6.02,3.69,7.05
201005,-9.02,-7.51,-7.76,-6.52,-8.03,-8.88,-8.07,-8.27,-7.37,-9.91
201006,-6.66,-3.91,-3.44,-3.42,-5.24,-7.83,-7.34,-6.7,-6.63,-10.93
201007,6.87,7.33,7.18,5.7,5.62,6.59,8.75,8.08,7.71,10.24
201008,-3.87,-4.54,-4.39,-6.23,-4.05,-4.8,-3.37,-4.42,-6.04,-5.29
201009,11.79,8.64,9.65,8.6,9.75,7.39,9.49,9.78,12.6,13.77
201010,3.46,2.66,1.66,5.77,3.78,4.43,2.67,2.93,5.17,5.49
201011,-0.68,-0.26,0.49,-1.35,0.56,0.48,0.05,2.45,1.6,6.22
201012,13.62,8.43,6.74,6.62,7.26,5.09,5.5,6.65,5.93,4.37
201101,4.09,3.05,0.71,3.37,2.76,0.23,2.02,-0.89,2.55,0.64
201102,1.37,0.84,3.15,4.22,3.2,5.75,5.76,3.79,3.45,4
201103,-2.13,-0.9,-0.42,-0.36,1.7,0.64,0.36,1.47,1.26,2.93
201104,-0.12,4.21,2.39,1.63,3.58,3.66,3.91,2.75,1.51,3.24
201105,-3.57,-1.05,0.18,-1.63,-0.85,-0.88,-1.4,-1.68,-1.45,-2.93
201106,-5.33,-1.25,-2.63,-1.78,-1.25,-1.61,-1.47,-1.93,-0.98,0.04
201107,-4.13,-1.46,-1.07,-3.92,-4.18,-0.19,-3.3,-3.41,-1.78,-1.58
201108,-13.87,-7.8,-3.84,-4.92,-4.64,-3.81,-5.96,-6.23,-8.35,-8.12
201109,-11.81,-6.88,-7.07,-5.6,-6.57,-7.13,-6.24,-9.78,-7.68,-15.91
201110,15.76,16.96,13.37,12.52,11.43,8.54,11.26,9.18,10.13,14.96
201111,-7.69,-4.22,-1.04,-1.92,1.09,0.61,-0.36,1.91,1.37,-1.45
201112,-3.28,-1.83,-2.09,1.66,-0.74,2.63,1.81,-0.05,1.67,-1.12
201201,18.47,10.87,10.54,7.54,8.57,3.79,3.06,2.19,3.51,2.72
201202,6.63,4.95,4.74,3.81,3.7,5.1,3.67,2.68,5.66,5.69
201203,4.57,1.67,2.31,1.89,3.52,1.56,2.38,3.26,4.08,5.09
201204,-6.34,-6.18,-1.54,-2.19,-1.62,-0.79,-0.13,-0.06,0.29,0.34
201205,-13.15,-12.77,-11.13,-8.37,-6.69,-6.41,-5.62,-2.07,-5.06,-4.84
201206,3.51,2.67,4.91,3.97,3.45,4.46,6.12,3.55,4.08,1.91
201207,-2.03,-2.36,-0.4,0.4,-0.21,1.02,1.66,-0.59,1.73,2.56
201208,2.18,5.81,4.48,3.91,4.95,3.24,2.31,1.33,-0.47,3.88
201209,3.64,4.34,4.12,3.56,1.27,1.13,3.35,2.24,2.91,2.21
201210,-4.08,-0.49,-0.28,-1.22,-0.74,-1.67,-3.13,-0.97,-0.68,-6.03
201211,-1.52,0.43,0.1,1.22,0.4,-0.06,1.24,0.91,0.96,1.44
201212,6.18,3.75,3.34,1.96,2.46,-0.36,0.44,0.52,-0.25,1.8
201301,9.5,7.53,6.35,5.77,6.03,6.98,5.34,6.04,0.87,5.91
201302,-1.03,-0.58,0.24,0.73,1.49,2.05,1.77,1.34,1.76,1.98
201303,5.6,2.31,4.61,3.45,3.85,4.63,2.93,4.9,5.46,5.53
201304,0.87,3.14,-0.17,1.21,1.91,2.3,1.33,2.28,1.25,-0.09
201305,4.16,3.61,4.28,1.77,3.2,2.58,1.41,2.7,2.58,4.74
201306,-6.37,-2,0.05,-0.3,-1.49,-0.93,0.5,0.07,-2.6,-4.22
201307,11.98,3.13,3.74,4.13,6.2,5.62,5.61,4.86,8.04,10.09
201308,2.88,-3.2,-3.68,-2.69,-1.6,-3.65,-3.63,-2.86,-3.29,-2.47
201309,1.04,1.92,3.23,3.13,3.76,5.04,4.17,5.12,5.03,7.44
201310,3.79,3.42,3.13,7.01,5.02,3.97,4.2,4.13,3.72,2.47
201311,3,2.41,2.87,3.23,3.87,3.4,2.26,3.45,4.03,3.45
201312,2.74,3.61,1.82,1.58,2.66,1.59,3.48,2.18,4.01,2.57
201401,-3.98,-4.59,-5.38,-2.76,-3.9,-2.95,-3.85,-3.32,-1.98,1.29
201402,5.04,3.27,4.02,3.91,4.25,4.07,4.24,5.59,7.79,6.29
201403,1.58,2.33,1.82,1.65,2.71,1.29,0.8,0.26,-2.41,-6.06
201404,1.28,2.84,2.02,2.02,2.16,-1.92,-1.11,-2.44,-1.81,-3.41
201405,1.68,-0.69,1.22,1.65,1.52,2.97,3.09,2.42,2.96,3.89
201406,5.94,1.64,3.19,1.14,2.61,2.2,2.36,2.27,3.11,5.46
201407,-2.98,-0.55,-1.64,-2.18,-1.83,-2.81,-2.65,-2.33,-2.58,-0.67
201408,5.11,4.64,3.93,4.37,4.15,3.83,4.08,4.09,4.07,5.44
201409,-7.06,-3.31,-1.97,-1.28,-2.14,-1.67,-1.77,-1.49,-2,-2.35
201410,2.2,3.14,2.1,0.82,3.12,3.39,3.45,3.35,1.23,2.07
201411,-1.21,-0.26,2.74,2,3.04,0.34,3.16,2.23,3.09,4.11
201412,-2.02,-1.15,-0.69,-0.02,-0.13,0.84,1.4,0.04,0.67,-2.34
201501,-7.68,-5.16,-3.56,-4.56,-4.2,-4.87,-4.46,-2.48,-2.99,0.77
201502,10.9,8.58,7.29,7.46,7.31,6.04,4.52,5.78,4.88,6.26
201503,-4.77,-2.03,-2.24,-1.17,-1.53,-1.45,-1.58,0.01,-0.4,-0.92
201504,11.36,5.57,3.77,3.09,2.31,1.25,1.28,-0.76,-1.32,-2.54
201505,-7.86,-3.67,-1.44,0.28,0.32,2.04,2.15,2.57,2.69,4.73
201506,-5.91,-3.01,-3.22,-2.5,-1.6,-2.19,-0.79,-1.6,0.18,-0.55
201507,-18.48,-8.34,-5.07,3.05,1.7,1.28,2.87,3.76,4.85,1.99
201508,-2.36,-6.04,-3.82,-5.77,-6.54,-6.2,-6.53,-6.46,-6.38,-6.66
201509,-15.56,-7.81,-4.36,-4.46,-2.39,-0.92,-2.71,-3.01,-2.34,-3.4
201510,11.42,10.61,9.75,5.43,9.21,7.06,8.58,6.34,6.67,6.94
201511,-4.42,-0.18,-0.69,-0.4,0.66,1,0.74,1,0.84,1.35
201512,-4.38,-6.58,-5.62,-2.17,-2.56,-3.44,-1.05,-0.67,-0.73,-1.22
201601,-13.43,-5.33,-7.45,-5.16,-4.11,-6.9,-5.94,-6.81,-4.47,-6.26
201602,3.05,2.73,0.86,3.97,1.72,1.17,-0.03,-1.5,-0.9,-3.3
201603,14.01,11.83,8.25,9,8.58,6.48,5.49,5.76,6.09,5.83
201604,18.19,6.62,3.66,4.1,-0.95,2.24,1.87,0.13,-0.21,-1.58
201605,-2.66,0.38,1.01,1.14,2.96,1.28,0.95,1.46,1.99,3.33
201606,-0.31,-3.16,-3.61,-3.69,-1.91,-1.65,0.15,2.45,3.54,0.89
201607,7.42,8.61,6.14,6.71,4.31,4.49,2.6,2.32,3.11,4.22
201608,4.86,1.71,2.38,1.47,1.3,1.75,-0.01,-0.3,-1.77,-0.94
201609,4.95,1.9,-0.89,-0.34,-0.25,-0.24,0.43,0.4,-0.72,3.12
201610,-8.65,-4.01,-0.56,0.69,-1.03,-1.13,-3.19,-2.34,-2.15,-5.25
201611,8.02,7.93,11.22,4.08,6.91,2.72,3.33,0.89,2.44,7.89
201612,1.24,0.22,2.16,2.67,1.94,2.4,2.36,2.01,0.66,-0.4
201701,3.36,3.14,1.86,2.28,2.2,0.83,1.88,1.64,0.96,3.77
201702,3.4,4.45,4.32,2.95,4.34,3.95,2.85,4.13,0.84,0.03
201703,-2,-0.01,0.45,0.75,0.93,1.17,-0.96,0.33,-1.64,0.04
201704,1.46,-0.25,0.97,3.47,1.58,0.15,0.89,1.78,0.56,0.07
201705,-4.42,-1.64,1.91,-0.66,1.69,2.56,-0.2,2.64,0.18,3.45
201706,4.58,0.46,1.44,0.81,1.77,0.78,-0.1,1.95,-1.03,0.84
201707,1.08,1.34,1.29,0.68,1.02,0.95,0.81,3.15,4.4,3.01
201708,-3.25,-3.04,-1.87,0.32,-1.14,1.33,0.73,0.84,2.25,0.12
201709,6.86,3.88,3.71,3.23,2.3,2.61,2.15,1.34,0.88,4.23
201710,-3.68,-4.25,1.3,-2.76,0.51,5,2.96,2.01,4.42,5.69
,,,,,,,,,,
,,,,,,,,,,
  Average Equal Weighted Returns -- Monthly,,,,,,,,,,
,Lo PRIOR,PRIOR 2,PRIOR 3,PRIOR 4,PRIOR 5,PRIOR 6,PRIOR 7,PRIOR 8,PRIOR 9,Hi PRIOR
196701,29.64,20.1,19.49,15.17,16.21,12.73,12.21,12.05,13.83,15.09
196702,6.29,4.04,3.27,3.02,3.95,3.29,3.31,2.61,4.81,5.97
196703,4.76,4.96,5.32,6.07,5.76,4.13,7.38,5.55,6.49,8.88
196704,2.71,2.81,4.61,5.18,2.68,3.6,3.74,5.31,5.17,6.21
196705,-0.8,0.3,0.41,-0.71,0.5,-2.08,-2.08,0.34,-1.53,-1.75
196706,7.91,5.83,4.66,5.02,7.42,5.57,8.38,9.45,11.72,14.68
196707,11.22,9.25,7.85,6.71,6.8,8.02,9.2,8.24,7.32,8.81
196708,2.03,0.81,2.53,1.06,1.65,0.33,1.11,0.76,0.57,-1.37
196709,4.69,4.02,4.9,4.16,6.34,5.58,6.55,6.56,9.7,7.92
196710,-4.29,-3.42,-2.74,-2.61,-2.63,-2.9,-2.49,-1.12,-0.36,-0.02
196711,0.6,-1.04,0.9,-0.51,-0.96,0.61,1.03,0.53,-0.75,0.23
196712,3.72,5.49,4.4,6.09,4.85,7.74,7.75,7.11,9.86,13.7
196801,1.41,0.93,2.9,1.44,3.91,2.66,2.46,2.66,2.28,2.84
196802,-4.91,-2.76,-2.21,-3.63,-4.13,-5.03,-4.79,-5.99,-6.27,-9.42
196803,-2.6,-0.9,-1.62,-0.45,-0.33,-0.96,-1.77,-0.68,-0.41,-0.62
196804,13.94,8.98,9.75,10.12,10.62,11.94,13.02,14.23,16.52,20.17
196805,7.6,4.63,6.92,7.26,6.49,7.7,7.71,8.73,11.05,15.72
196806,1.19,3.43,2.99,2.05,2.42,2.34,2.07,0.47,1.88,0.14
196807,-5.31,-2.74,-2.05,-3.6,-1.66,-2.11,-2.09,-2.54,-3.07,-2.33
196808,0.79,1.35,2.72,2.39,3.59,3.46,3.43,4.06,4.8,6.39
196809,7.99,6.43,6.69,5.06,5.48,4.83,5.47,6.76,7.05,9.65
196810,-0.03,1.38,1.91,0.55,2.17,1,2.38,0.27,2.39,-0.93
196811,7.99,6.47,7.56,6.6,9.01,6.58,6.41,5.87,7.19,8.6
196812,-1.77,0.03,-0.26,0.71,0.97,1.46,1.02,0.74,1.13,0.91
196901,-0.95,0.6,0.31,-0.66,0.05,-0.96,-0.37,-0.8,0.09,-0.82
196902,-10.36,-6.75,-6.24,-6.8,-6.89,-7.41,-8.39,-8.64,-8.73,-11.23
196903,-0.65,-0.33,0.5,0.29,0.88,1.2,2.38,3.11,3.51,5.11
196904,-0.94,0.38,-0.27,0.14,-0.43,1.41,0.96,0.58,1.1,0.82
196905,-1.4,0.21,-0.29,-0.17,1.79,0.02,-0.11,0.58,0.02,2.48
196906,-13.71,-12.09,-10.87,-10.56,-9.81,-8.75,-9.94,-9.45,-11.01,-13.76
196907,-12.65,-11.61,-9.54,-7.49,-7.05,-7.34,-7.78,-8.64,-9.27,-10.29
196908,5,4.7,4.78,3.31,3.63,3.81,4.19,5.1,6.5,8.41
196909,-4.44,-3.74,-3.24,-2.25,-1.82,-2.8,-1.79,-2.49,-1.14,-0.9
196910,15.34,10.8,9.88,7.33,7.49,7.98,6.67,6.69,7.25,7.13
196911,-9.07,-7.13,-6.79,-4.5,-6.29,-5.99,-4.47,-3.54,-3.19,-2.32
196912,-12.7,-10.15,-8.65,-8.59,-6.68,-5.21,-3.68,-3.85,-1.82,-2.02
197001,-0.76,-0.95,-2.64,-3.99,-4.59,-5.72,-4.66,-6.29,-7.48,-6.34
197002,3.01,3.39,4.35,4.04,4.98,4.86,5.06,5.62,6.09,4.14
197003,-3.73,-2.88,-1.77,-1.2,-0.79,-0.01,-1.11,-0.94,-2.44,-5.21
197004,-20.7,-17.67,-16.62,-15.38,-13.89,-12.24,-10.81,-13.81,-15.46,-17.69
197005,-7.75,-9.44,-8.86,-8.94,-10.62,-9.44,-8.14,-9.71,-9.19,-9.54
197006,-11.92,-10.88,-9.14,-6.49,-6.49,-6.68,-5.58,-4.57,-2.17,-1.94
197007,3.95,4.99,6.64,7.34,6.7,6.85,7.36,6.32,6.28,5.07
197008,9.45,9.15,6.52,6.55,5.49,5.8,4.58,4.34,2.91,3.1
197009,23.85,17.71,14.85,12.08,9.8,7.29,5.63,5.32,5.29,7.67
197010,-13.7,-11.04,-7.8,-4.62,-3.77,-1.44,-1.68,-1.48,0.61,-1
197011,-5.25,-1.84,-0.93,0.46,1.93,2.56,3.5,4.2,4.36,4.22
197012,6.47,9.47,8.06,8.73,9.79,9.88,8.64,7.73,7.2,6.83
197101,21.63,18.52,18.92,13.87,9.69,10.22,9.24,7.86,7,7.07
197102,8.69,4.56,4.1,3.33,3.92,3.29,2.46,2.18,1.98,5.47
197103,5.43,5.74,5.72,7.12,4.82,5.67,3.09,6.39,5.13,6.69
197104,1.15,2.53,3.5,3.25,2.69,2.06,2.52,3.31,4.15,2.99
197105,-7.17,-5.06,-5.03,-5.12,-5.65,-4.18,-4.21,-5.52,-4.67,-3.62
197106,-4.72,-2.79,-1.75,-2.85,-1.54,-1.56,-1.55,-1.13,0.39,0.86
197107,-6.77,-3.66,-3.54,-4.1,-4.9,-4.77,-5.22,-5.88,-6.82,-7.59
197108,1.34,2.07,1.56,3.54,4.38,5.71,5.71,5.65,5.52,7.59
197109,-3.74,-1.29,-2.26,-0.89,-1.5,0.32,-0.26,0.1,0.48,2.16
197110,-7.44,-6.05,-6.01,-4.49,-4.58,-5.36,-5.8,-5.5,-5.62,-5.53
197111,-5.22,-4.4,-3.94,-2.67,-2.71,-2.58,-2.93,-2.19,-2.36,-2.3
197112,13.65,12.69,11.86,10.87,11.01,11.62,10.7,12.02,10.95,12.83
197201,17.25,11.57,12.04,8.17,9.71,7.5,7.76,8.2,9.1,9.88
197202,4.66,4.23,1.67,2.55,3.07,2.93,6.79,4.7,4.58,6.14
197203,-2.19,-0.51,-0.51,0.64,0.38,0.53,0.44,0.12,0.61,1.34
197204,-3.13,0.36,-1.06,0.36,0.7,0.26,0.97,0.86,1.72,2.7
197205,-4.6,-2.92,-3.21,-2.26,-1.63,-2.06,-1.08,-1.54,0.26,0.78
197206,-5.12,-3.84,-3.3,-3.01,-2.35,-3.04,-3.39,-2.91,-3.02,-2.68
197207,-4.98,-3.31,-2.95,-2.45,-2.55,-2.36,-1.66,-2.92,-1.61,-3.21
197208,0.75,3.93,2.22,3.28,1.76,2.04,0.53,1.05,1.33,-1.39
197209,-5.66,-3.88,-2.61,-2.12,-2.13,-3.87,-2.27,-3.16,-2.64,-2.53
197210,-3.47,-2.69,-0.62,-0.78,-0.13,-1.03,0.45,-1.82,-1.08,-1.17
197211,5.41,6.05,6.39,6.07,5.38,5.19,5.27,3.85,4.96,3.17
197212,-6.46,-4.09,-3.13,-2.18,-1.88,-1.94,-0.41,-0.65,0.08,1.38
197301,-4.54,-3.53,-3.79,-3.42,-3.53,-4.25,-3.7,-4.92,-3.52,-4.17
197302,-8.7,-8.38,-8.1,-6.55,-5.65,-5.47,-6.36,-6.06,-6.77,-8.62
197303,-4.82,-3.72,-2.53,-2.53,-2.89,-2.89,-2.82,-1.83,-1.29,1.08
197304,-11.84,-9.33,-7.53,-7.76,-7.1,-5.57,-3.84,-3.32,-4.24,-5.3
197305,-12.1,-10.96,-10.72,-10.32,-7.11,-7.53,-5.73,-4.11,-3.35,-3.72
197306,-6.54,-5,-3.83,-3.03,-3.24,-1.77,-2.69,-0.17,-1.77,-1.39
197307,19.53,16,14.43,12.23,13.56,9.26,9.08,6.96,3.86,7.63
197308,-9.35,-7.59,-5.09,-4.89,-4.09,-3.21,-3.22,-2.3,-1.5,-1.17
197309,8.87,9.74,9.26,10.32,9.55,10.27,8.23,7.38,7.77,8.59
197310,-3.43,-1.19,-1.37,0.57,0.9,0.38,0.89,0.33,2.89,4.82
197311,-23.92,-21.54,-20.3,-18.18,-17.12,-15.01,-14.78,-13.84,-15.66,-14.1
197312,-11.11,-9.32,-5.33,-4.78,-2.77,-2.15,-0.84,0.77,4.12,6.69
197401,25.33,19.98,15.17,12.94,12.62,10.83,7.7,7.88,6.48,4.4
197402,-0.85,1.23,1.84,1.12,2.08,0.48,0.48,1.85,0.56,-0.18
197403,2.78,3.06,2.05,0.95,0.77,0.28,-0.51,-0.01,-0.79,-3.24
197404,-7,-6.04,-5.35,-4.85,-5.43,-5.33,-4.7,-3.94,-4.28,-5.33
197405,-8.66,-7.75,-7.49,-7.06,-6.52,-6.16,-5.81,-6.75,-6.74,-7.92
197406,-3.9,-4.68,-3.68,-3.17,-3.25,-2.73,-3.44,-2.25,-1.72,-1.44
197407,-7.39,-5.57,-5.11,-5.3,-4.77,-4.34,-5.84,-4.74,-4.69,-4.25
197408,-10.53,-8.7,-9.07,-8.21,-8.2,-8.92,-7.36,-6.74,-7.18,-5.58
197409,-10.34,-8.92,-9.02,-7.32,-8.1,-6.97,-7.4,-6.19,-6.23,-7.88
197410,8.41,9.02,9.54,9.72,8.93,7.02,8.81,8.49,8.02,12.49
197411,-8.23,-6.51,-5.12,-5.53,-4.77,-5.25,-4.32,-4,-2.94,-2.6
197412,-10.5,-10.35,-8.31,-7.16,-8.24,-7.03,-6.31,-6.25,-6.31,-5.64
197501,45.89,36.26,36.16,29.88,29.64,26.76,24.61,22.14,23.29,18.16
197502,5.78,7.33,5.64,5.02,5.98,5.12,6.08,5.27,4.54,5.79
197503,14.6,10.67,9.41,5.55,5.07,6.49,5.49,5.7,7.04,7.22
197504,2.46,2.39,3.44,2.05,3.15,2.86,3.47,3.76,5.12,6.68
197505,9.15,7.74,7.77,6.95,6.69,5.94,6.03,7.09,8.38,8.22
197506,9.19,6.5,7.24,7.15,6.83,8.38,6.95,6.83,6.31,6.61
197507,0.65,0.7,-0.37,-0.7,-1.28,-2.99,-3.07,-1.14,-2.86,-1.84
197508,-5.26,-4.6,-3.95,-4.31,-4.51,-5.21,-5.04,-4.92,-5.56,-4.6
197509,-3.87,-3.51,-3.23,-3.82,-3.7,-3.15,-3.11,-4.29,-4.32,-3.46
197510,-0.88,1.18,1.83,2.05,2.36,3.08,2.77,2.53,2.91,2.88
197511,0.87,1.63,1.55,2.5,2.22,2.01,2.96,2.26,2.5,2.83
197512,0.21,0.67,-0.01,-0.67,-0.66,-0.74,-0.33,-1.54,-0.88,-1.77
197601,16.44,17,18.06,19.17,19.71,19.54,21.5,18.99,21.55,23.38
197602,15.93,11.27,10.36,8.27,9.11,7.52,9.07,9.35,9.49,10.33
197603,2.19,2.13,1.2,1.08,1.52,2.91,2.49,2.91,2.52,2.31
197604,-0.03,-0.26,-0.45,0.27,-0.74,0.03,-1.13,-0.42,-0.53,-1.98
197605,-0.65,-0.84,-1.43,-1.49,-0.95,-1.06,-2.32,-2.35,-2.75,-4.57
197606,2.06,2.83,3.89,2.9,3.1,2.61,2.87,2.92,3.86,2.77
197607,0.26,0.07,0.55,0.55,0.51,0.32,0.71,0.58,-0.24,0.05
197608,-2.89,-1.68,-1.19,-0.05,-0.61,-0.91,-1.09,-1.07,-1.44,-2.63
197609,0.56,1.53,1.84,1.24,2.8,2.2,2.42,2.28,2.13,2.4
197610,-2.78,-1.09,-1.95,-2.3,-2.2,-1.8,-1.5,-2.54,-1.81,-2.23
197611,1.25,1.34,2.19,3,2.77,2.82,3.46,3.19,3.49,3.66
197612,12.61,10.12,10.24,8.89,8.09,9.34,9.52,9.24,10.06,9.61
197701,3.23,3.56,2.46,1.56,3.35,4.3,3.25,3.66,3.93,4.78
197702,-0.12,0.19,0.27,0.23,-0.15,-0.61,1.11,-0.22,0.86,1.08
197703,1.99,0.6,0.8,0.61,1.17,0.37,0.66,1.31,1.45,1.47
197704,0.7,0.04,1.04,0.95,1.61,2.14,2.52,2.65,2.51,2.97
197705,-0.33,0.42,-0.26,0.02,1.53,0.08,1.36,0.55,-0.25,1.05
197706,4.12,5.14,5,5.29,5.58,4.9,4.74,5.42,6.32,7.07
197707,2.29,0.23,1.07,0.79,0.79,1.2,0.88,1.12,1.27,1.03
197708,-1.19,0.64,-0.47,-0.01,-0.88,-0.94,-0.87,-0.15,-0.23,0.16
197709,0.22,0.12,1.41,1.1,0.97,0.96,1.82,1.36,2.2,1.8
197710,-2.67,-2.26,-2.42,-2.51,-2.42,-1.37,-1.71,-2.23,-1.75,-2.93
197711,6.71,5.8,5.77,6.22,6.13,6.42,6.31,8.57,8.26,8.67
197712,1.42,0.83,0.95,0.73,2.35,1.68,1.6,1.99,3.01,2.99
197801,1.34,-0.95,-0.71,-2.37,-1.81,-1.16,-2.15,-1.85,-1.84,-1.37
197802,1.47,2.66,1.37,2.52,2.16,2.33,2.35,3.53,3.99,2.65
197803,7.4,5.04,6.85,6.07,5.21,5.79,6.07,7.17,7.19,8.16
197804,9,8.3,7.23,8.18,6.37,6.3,6.73,8.5,9.05,9.02
197805,8.41,7.45,5.18,5.53,4.28,4.47,5.94,7.38,7.07,9.61
197806,-0.23,0.7,1.5,0.56,0.69,0.48,0.65,1.45,0.92,1.99
197807,3.67,4.06,4.26,3.22,3.5,5.22,5.75,5.6,5.95,7.1
197808,9.39,6.64,6.94,6.23,7.7,7.9,7.86,8.27,10.41,12.84
197809,1.84,1.33,1.49,0.15,1.8,0.56,-0.2,-0.71,0.37,-0.67
197810,-15.5,-13.18,-11.17,-13.47,-14.23,-16.43,-18.33,-19.16,-22.02,-25.82
197811,0.08,1.89,2.17,2.37,2.9,3.21,4.85,5.09,6.18,8.8
197812,0.29,0.61,-0.37,-0.52,1.13,1.27,1.71,1.52,1.73,2.62
197901,12.32,8.8,9.05,8.35,8.22,6.96,8.58,8.58,9.34,10.3
197902,-1.3,-2.17,-1.42,-1.63,-1.87,-1.66,-1.5,-1.56,-2.06,-3.46
197903,9.03,6.67,6.68,5.97,6.42,7.44,8.72,8.56,9.5,9.99
197904,3.71,1.32,1.86,1.83,3.2,1.7,3.32,2.01,2.9,3.65
197905,-1.43,-0.64,-0.71,-0.8,-0.25,0.08,-2.16,-0.43,-1.16,1.73
197906,5.3,5.03,4.43,5.32,4.92,4.62,6.22,5.59,6.56,5.99
197907,1.92,2.14,2.79,2.99,2.99,2.46,2.79,2.12,1.61,1.6
197908,8.21,8.72,6.56,7.15,6.9,6.64,5.9,7.43,8.54,8.25
197909,-2.42,-1.04,-0.9,0.85,-1.05,-0.62,-0.03,0.03,0.65,2.19
197910,-11.35,-10.24,-9.15,-8.48,-9.27,-8.87,-9,-8.49,-9.34,-9.04
197911,2.8,2.83,3.67,4.06,5.19,6.63,7.22,7.91,11.23,13.53
197912,5.41,4.71,3.88,3.7,4.33,5.81,6.78,7.6,8.22,11.84
198001,10.55,8.38,5.47,7.16,6.16,8.43,10.14,11.55,12.5,13.68
198002,-1.27,-2.36,-2.08,-2.98,-2.46,-3,-2.3,-0.58,0.11,3.49
198003,-16.45,-12.08,-12.79,-12.76,-13.88,-14.95,-15.24,-18.17,-18.34,-22.37
198004,4.32,6.52,5.43,4.84,3.71,4.31,5.74,5.43,6.52,7
198005,8.24,7.31,7.92,7.33,7.34,7.16,6.49,7.34,6.03,6.99
198006,4.33,4.07,4.01,3.88,4,3.93,3.74,3.99,5.81,5.36
198007,9.06,7.83,7.9,7.35,7.18,7.79,9.49,10.53,11.67,12.34
198008,7.59,4.52,4.4,4.24,4.65,4.32,6.08,7.81,8.67,9.99
198009,5.72,3.98,3.38,1.85,1.82,3.13,3.63,4.91,5.44,7.36
198010,2.73,1.35,0.38,1.17,1.89,2.82,3.29,4.75,6.85,8.94
198011,1.98,0.72,1.17,2.91,5.49,4.7,6.9,8.05,11.81,14.73
198012,-3.06,-1.37,-0.82,-1.8,-2.5,-2.41,-2.09,-4.64,-3.87,-5.57
198101,3.7,2.99,2.88,3.43,2.37,0.76,0.72,-1.69,-1.31,-4.76
198102,0.63,1.96,0.92,2.33,1.09,1.27,0.95,1.27,0.22,-1.19
198103,6.84,8.19,8.66,7.63,6.8,7.11,6.77,6.38,8.27,8.2
198104,2.92,1.91,3.26,2.56,3.34,2.47,4,1.67,3.81,3.71
198105,1.13,1.04,1.38,2.29,2.48,3.09,2.35,2.66,3.47,6.14
198106,-1.11,1.23,1.81,0.87,0.41,0.2,-0.06,-0.23,-1.84,-3.39
198107,-1.86,-1.08,-0.19,-1.67,-0.99,-2.47,-2.08,-2.43,-3.38,-2.59
198108,-9.08,-6.38,-4.47,-4.29,-5.99,-6.17,-6.63,-5.35,-7.47,-9.72
198109,-12.04,-7.68,-7.29,-7.77,-7.47,-6.92,-7.54,-6.67,-6.54,-8.78
198110,5.46,6.39,5.36,5.01,6.62,7.29,6.52,7.23,8.12,10.13
198111,-3,2.19,1.67,3.18,3.87,3.23,4.68,3.39,3.16,3.04
198112,-5.5,-3.37,-0.72,-1.24,-1.38,0.18,-1.1,-0.94,-1.72,-1.9
198201,-0.9,-2.37,-2.23,-1.59,-1.08,-1.34,-1.2,-1.37,-1.82,-2.36
198202,-7.61,-4.53,-4.2,-4.43,-3.22,-2.76,-1.63,-2.22,-2.07,-3.04
198203,-2.84,-1.62,-1.3,-1.25,-0.7,-0.13,-0.68,0.47,0.2,0.49
198204,5.64,4.93,6.37,4.83,5.13,6.19,4.52,4.96,5.8,4.99
198205,-4.52,-2.84,-3.73,-2.74,-1.84,-1.54,-2.04,-1.2,-1.06,-0.53
198206,-7.87,-4.8,-2.58,-2.81,-1.64,-1.84,-1.1,-1.34,-0.63,-0.69
198207,-3.57,-2.78,-3.05,-2.35,-2.02,-1.54,-0.32,0.47,0.23,0.4
198208,6.49,8.06,7.99,7.26,6.08,5.62,5.61,6.16,6.22,5.67
198209,-2.09,2.23,3.21,3.4,3.66,4.83,5.08,4.36,4.56,7.67
198210,11.81,13.75,12.23,11.5,13.24,13.04,13.16,12.4,11.68,17.29
198211,4.58,8.9,9.37,11.72,11.33,9.33,9.66,9.56,9.22,13.68
198212,2.77,2.38,2.49,1.36,1.3,2.44,2.07,1.96,1.97,3.27
198301,19.41,13.14,10.85,8.66,7.48,6.24,5.94,7.43,8.47,10.89
198302,0.42,5.78,6.08,5.88,6.75,4.71,6.61,6.77,7.86,7.7
198303,5.06,5.01,4.96,5.27,3.82,5.05,5.1,5.88,5.03,6.17
198304,8.08,8.19,7.28,6.63,6.35,7.03,6.96,8.09,7.98,11
198305,14.83,8.68,7.7,6.77,6.4,7.23,6.79,6.5,8.65,9.66
198306,5.6,4.69,3.36,4.29,3.89,4.6,3.51,5.84,5.75,4.98
198307,0.75,-0.05,-0.1,-1.38,-0.74,-1.6,-1.97,-1.84,-3.34,-4.32
198308,0.5,-0.23,-0.87,-1.6,-1.84,-2.17,-2.23,-3.86,-4.59,-5.81
198309,-1.57,0.67,0.91,0.82,2.23,1.58,1.49,0.44,1.53,-0.39
198310,-6.23,-1.8,-2.26,-3.03,-5.36,-4.94,-3.71,-5.55,-5.3,-9.02
198311,0.12,1.56,3.13,4.2,3.83,3.65,4.37,3.24,3.53,4.16
198312,-4.2,-2.62,-0.69,-1.55,-0.38,-0.66,-1.22,-1.7,0.08,-3.09
198401,2.55,2.33,-0.16,-0.43,1.18,0.99,-1.09,-0.16,-0.94,-1.13
198402,-6.28,-4.83,-5.07,-5.23,-4.5,-4.23,-4.07,-4.59,-4.99,-6.98
198403,-0.8,-0.33,0.09,1.15,2,0.62,2.13,1.06,1.07,2.49
198404,-4.45,-1.66,-2.12,-1.63,-0.88,-0.19,-0.68,-1.21,-0.08,-1.14
198405,-6.76,-5.17,-4.38,-4.45,-4.21,-4.94,-4.42,-4.22,-3.77,-4.08
198406,-0.43,1.71,2.91,1.39,2.55,2.86,2.28,2.07,2.48,2.05
198407,-8.15,-6.38,-4.52,-4.34,-3.36,-3.42,-2.87,-2.63,-1.43,-1.87
198408,8.93,10.71,10.44,9.91,10.27,10.12,9.31,7.62,7.05,7.72
198409,-2.44,-0.22,-1.18,-1.42,0.18,1.25,1.39,2.44,1.59,1.79
198410,-5.94,-3.88,-1.39,-1.45,-0.78,-1.26,0.4,0.86,1.08,0.35
198411,-6.66,-4.17,-3.4,-1.19,-2.26,-0.73,-1.15,-0.78,-1.43,-2.58
198412,-0.71,-2.13,0.52,0.88,1.32,2.39,1.94,2,2.6,1.81
198501,18.02,14.64,12.42,11.51,10.86,10.38,9.73,8.18,7.85,7.98
198502,7.39,4.73,2.8,3.56,3.62,2.82,2.73,3.47,3.19,5.1
198503,-2.36,-2.23,-0.55,-1.19,-0.35,-0.27,-0.47,-0.39,0.29,-0.11
198504,-3.82,-1.64,-1.49,-1.21,-1.15,-0.46,0.31,0.83,0.65,0.61
198505,-0.77,1.53,1.59,3.67,3.44,3.86,3.45,4.21,4.66,4.62
198506,-2.78,-0.67,-0.63,5.07,1.72,2.18,2.17,2.21,2.81,2.76
198507,2.07,2.34,1.79,2.61,2.3,1.72,0.87,0.56,0.93,1.58
198508,-1.3,-0.2,-0.36,-0.69,-0.32,-0.12,-0.05,0.29,1.03,-0.1
198509,-8.23,-6.45,-5.31,-4.49,-3.78,-4.07,-4.37,-4.16,-4.25,-5.74
198510,-2.49,1.96,1.64,1.23,3.53,3.19,3.94,3.81,4.82,5.25
198511,4.36,4.35,4.6,4.54,5.11,5.76,6.34,5.89,7.18,7.1
198512,1.06,3.65,3.05,3.13,3.46,4.57,3.72,4.51,2.7,3.72
198601,5.19,3.53,1.86,2.76,3.48,1.86,2.51,4.03,4.66,5.78
198602,4.71,4.33,6.56,5.65,5.92,7.55,7.43,7.22,8.8,7.47
198603,3.57,3.94,4.69,5.18,5.3,4.84,6.78,5.13,5.35,5.55
198604,1.25,1.34,1.86,2.42,1.28,0.15,0.76,1.54,0.97,2.24
198605,2.63,3.49,2.18,3.11,3.57,3.04,3.68,4.89,4.99,6.45
198606,-0.66,0.03,-0.97,-0.08,1.35,1.4,1.78,2,3.05,2.58
198607,-9.22,-7.67,-7.09,-6.08,-5.56,-5.34,-6.66,-6.42,-6.59,-9.1
198608,1.35,2.39,2.7,2.9,3.83,2.7,1.44,3.32,1.47,0.96
198609,-5.14,-5.29,-4.54,-4.3,-5.5,-6.13,-7.1,-7.4,-7.07,-8.89
198610,-0.09,1.44,2,2.36,2.87,3.42,3.85,3.74,3.4,4.58
198611,-1.9,-1.32,-0.02,0.61,0.42,0.55,0.45,-0.32,0.53,-1.59
198612,-5.04,-3.6,-3.03,-2.36,-2.99,-2.49,-3.19,-2.54,-4.23,-3.9
198701,14.94,10.38,10.01,10.74,10.34,10.31,11.5,11.24,10.69,12.64
198702,9.58,7.56,6.99,6.61,6.82,6.83,5.86,5.1,6.66,7.96
198703,3.43,2.79,2.52,2.62,2.7,2.54,2.51,3.51,2.65,4.74
198704,-2.31,-2.47,-2.15,-3.04,-2.76,-2.75,-2.46,-1.39,-1.42,0.33
198705,1.39,-0.17,-0.55,0.11,-0.01,-0.2,0.82,-0.12,0.03,0.82
198706,1.54,1.75,2.09,3.67,4.35,3.36,3.27,3.12,2.57,2.08
198707,2.88,3.07,2.32,3.06,3.57,4.91,3.7,3.95,4.98,6.67
198708,0.02,2.68,2.05,3.29,2.12,3.24,1.89,2.5,1.65,1.05
198709,-2.29,-1.66,-0.72,-0.71,-2.19,-0.13,-0.93,-2.14,-1.33,-0.71
198710,-28.54,-24.38,-24.87,-25.92,-25.82,-27.46,-27.7,-28.57,-29.73,-32.32
198711,-9.59,-4.91,-4.21,-3.17,-3.99,-4.59,-3.23,-4.19,-4.1,-5.36
198712,-3.14,2.06,3.99,3.88,4.21,4.56,4.29,7.59,6.18,7.07
198801,13.72,9.41,9.34,8.14,7.23,6.8,5.84,4.94,3.43,4.17
198802,6.06,7.98,8.12,5.56,7.29,5.85,5.64,5.77,6.59,6.04
198803,4.69,2.97,3.43,3.35,3.42,1.97,3.42,2.67,4.02,4.48
198804,1.19,0.71,0.76,1.53,1.74,1.03,1.23,1.35,1.45,2.9
198805,-2.62,-2.25,-2.24,-1.66,-1.32,-1.3,-1.31,-0.27,-1.07,-1.2
198806,3.73,5.53,5.97,5.62,3.75,5.46,5.24,5.83,5.1,5.42
198807,1.02,-0.9,-0.31,-0.71,-0.47,-0.28,-0.93,0.83,-0.06,-0.26
198808,-3.16,-2.37,-2.01,-2.19,-1.74,-1.31,-2.23,-1.77,-2.24,-2.1
198809,0.92,1.95,2.22,1.74,2.5,2.57,2.19,2.31,2.28,2.59
198810,-4.98,-0.93,-0.79,-1.06,-0.56,-0.47,0.24,0.61,0.73,-0.18
198811,-6.18,-4.53,-2.34,-2.84,-3.4,-3.73,-2.41,-3.57,-3,-3.57
198812,0.69,1.41,2.22,2.97,1.79,2.11,2.55,3.16,3.67,3.91
198901,8.92,5.52,5.15,5.04,4.92,4.97,4.98,6.31,6.65,6.34
198902,-0.17,0.75,1.14,0.99,0.1,-0.05,0.84,0.36,-0.02,1.27
198903,-0.23,1.36,1.77,0.79,1.98,2.82,1.48,2.9,2.63,3.17
198904,2.11,2.86,2.67,3.07,3.36,3.59,4.41,3.83,4.28,4.54
198905,1.32,2.98,2.99,3.73,2.8,2.8,3.66,3.83,3.42,3.81
198906,-2.26,-1.28,-1.3,0.27,-0.46,0.16,0.26,-0.65,-1.22,-2.22
198907,-0.13,1.72,1.97,3.46,3.81,3.91,3.82,4.59,5.6,5.94
198908,-0.15,1.18,2.23,2.17,3.49,2.86,1.97,3.33,2.65,3.52
198909,-0.45,0.2,-0.22,-0.05,-0.16,1.17,-0.12,0.98,1.25,1.43
198910,-6.64,-5.87,-4.04,-3.55,-5.19,-4.63,-3.57,-4.64,-4.17,-5.54
198911,-4.66,-2.74,-1.14,0.4,-0.22,0.49,1.88,0.4,0.7,0.5
198912,-5.88,-1.37,-2.03,-0.93,-0.18,-0.03,0.69,0.12,1.44,-0.41
199001,-1.95,-5.07,-4.25,-4.68,-5.35,-5.42,-6.82,-6.25,-7.48,-7.82
199002,2.79,1.57,0.47,0.74,1.17,2.17,1.73,1.77,2,3.43
199003,2.23,1.46,2.47,1.98,0.75,2.73,2.85,3.07,2.66,4.41
199004,-2.85,-2.97,-1.83,-3.27,-2.84,-2.83,-3.69,-3.84,-2.34,-1.24
199005,2.88,3,3.12,3.14,2.99,4.67,6.13,6.71,7.19,8.31
199006,-1.2,1.24,-0.14,-0.44,0.62,0.64,1.02,0.12,0.91,1.93
199007,-4.31,-4.21,-4.16,-3.76,-2.11,-2.15,-2.53,-1.89,-1.51,-3.08
199008,-13.11,-12.51,-10.29,-10.66,-9.53,-9.79,-10.84,-10.26,-11.79,-12.47
199009,-11.19,-9.77,-8.95,-8.48,-7.37,-5.39,-4.39,-5.99,-7.3,-8.22
199010,-10.7,-8.75,-6.01,-6.94,-4.78,-4.06,-3.19,-2.79,-3.62,-4.75
199011,4.76,3.73,3.62,5.27,4.02,3.95,5,3,4.69,2.86
199012,-8.02,-1.45,0.05,0.15,2.93,2.15,0.86,2.73,1.81,1.33
199101,19.91,11.75,8.81,8.26,6.34,4.89,5.19,3.88,6.22,8.25
199102,27.05,14.83,10.87,8.88,9.64,10.85,8.1,8.35,11.16,12.08
199103,13.35,8.79,5.28,5.17,5.33,5.32,4.96,6.82,9.03,10.41
199104,5.5,3.98,3.62,1.79,4.33,2.4,1.93,1.49,1.84,1.41
199105,0.13,2.75,4.19,3.51,3.44,3.73,2.27,3.71,3.76,5.94
199106,-4.66,-2.36,-2.94,-3.55,-2.69,-2.93,-3.03,-3,-3.61,-4.87
199107,3.51,1.97,1.8,3.27,2.58,2.41,3.6,3.19,5.01,6.55
199108,2.39,3.12,1.96,2.15,2.49,2.37,3.08,3.6,4.59,4.82
199109,-0.09,0.58,0.12,1.29,1.01,0.25,-0.75,0.84,1.35,3.01
199110,2.35,0.33,1.31,2.01,1.01,1.01,2.42,2.29,2.68,5.75
199111,-2.95,-2.81,-1.14,-0.33,-0.63,-2.11,-2.25,-2.99,-1.92,-4
199112,-3.16,1.34,2.71,3.5,3.1,4.35,5.85,6.36,6.31,9.19
199201,36.47,16.68,12.05,11.74,9.24,8.01,9.8,10.73,12.77,16.98
199202,10.02,7.11,5.55,5.65,4.41,4.89,3.98,4.38,6.33,3.78
199203,-0.67,1.24,-0.15,-0.78,-0.1,-0.26,-1.33,-1.76,-0.99,-2.74
199204,-5.08,-3.27,-2.82,-0.48,-1.36,-1.07,-2.06,-2.53,-2.57,-5.67
199205,0.78,1.74,0.03,0.43,1.32,0.77,-0.02,1.74,0.77,-0.42
199206,-5.57,-5.27,-4.5,-2.71,-2.89,-3.16,-2.66,-2.84,-3.1,-4.66
199207,-0.08,1.79,3.17,1.88,2.28,2.95,4.06,3.12,3.28,3.76
199208,-3.79,-2.68,-3.15,-2.03,-0.21,-1.91,-1.56,-1.78,-2.48,-3.68
199209,-0.39,0.85,0.19,0.39,1.64,1.77,2.33,1.63,2.8,2.34
199210,0.96,0.88,0.85,1.17,2.48,2.55,1.97,2.52,1.9,3.82
199211,7.89,7.48,6.88,5.9,5.45,6.14,6.16,5.5,7.87,8.37
199212,2.51,3.21,2.03,2.14,3.19,2.84,5,3.64,5.96,6.54
199301,10.77,4.41,4.96,5.28,3.96,4.79,7.56,6.69,6.22,9.86
199302,-3.53,-1.44,-1.44,-1.63,-0.27,0.17,1.79,0.01,-0.18,-0.61
199303,0.73,2.53,2.78,0.92,2.66,3.58,3.02,4,4.01,5.28
199304,-1.78,-2.06,-2.49,-1.68,-1.96,-2.42,-0.7,-1.54,-1.75,-1.41
199305,5.21,4.22,5.3,3.87,3.81,2.54,2.96,3.89,2.34,4.53
199306,0.09,-0.07,0.78,2.62,0.44,2,1.48,2.46,2.51,2.59
199307,0.96,-0.35,0.27,1.37,0.87,2.06,1.84,3.18,1.91,2.02
199308,3.1,2.38,4.12,3.15,2.11,4.08,3.68,4.08,5.01,6.68
199309,1.65,1.47,0.93,2.37,3.55,2.46,3.57,3.12,3.56,5.11
199310,6.93,5.17,4.35,3.7,1.6,3.3,3.36,2.87,3.79,4.41
199311,-2.43,-1.23,-1.79,-1.65,-1.89,-2.22,-2.82,-2.05,-3.17,-3.6
199312,-2.08,0.44,0.32,2.79,2.16,1.71,2.77,1.79,2.41,2.25
199401,7.97,4.66,4.3,3.93,2.99,3.63,3.57,3.98,5.47,5.01
199402,-0.25,-0.18,-0.67,-1.03,-0.15,-0.76,-0.16,-0.67,-0.86,-1.5
199403,-3.5,-3.48,-3.87,-3.54,-3.87,-3.85,-4.17,-4.04,-4.24,-6.39
199404,-5.34,-1.39,-0.12,-1.38,-0.86,0.2,0.56,0.28,-0.56,-0.27
199405,0.17,0.56,-0.39,0.2,-0.08,0.68,0.74,-0.37,0.48,-2.26
199406,-4.89,-2.48,-2.93,-2.08,-1.2,-0.66,-2.38,-1.56,-1.27,-3.87
199407,-0.09,1.36,1.03,1.53,1.47,1.46,1.73,2.12,2.45,2.28
199408,4.26,4.09,2.77,3.65,3.74,3.38,4.16,4.23,4.14,4.19
199409,1.45,0.47,-0.21,-0.57,0.46,-0.16,0.51,0.56,0.97,2.68
199410,-1.56,-0.29,-0.35,-0.11,0.22,-0.22,0.35,0.11,1.07,2.2
199411,-6.6,-4.29,-3.24,-3.37,-3.65,-4.12,-3.55,-3.39,-3.68,-3.49
199412,-6.22,-2.8,-0.89,-0.44,0.34,0.66,0.22,0.7,1.35,1.53
199501,7.9,3.73,3.31,3.17,1.41,1.6,1.94,2.26,1.35,1.31
199502,1.99,3.62,3.26,3.41,3.27,3.5,3.02,3.76,3.58,4.03
199503,1.22,0.83,2.43,2.51,1.35,1.46,1.71,1.88,2.25,2.91
199504,1.93,2.6,1.78,1.82,2.32,2.41,2.65,2.54,2.38,3.5
199505,0.66,1.63,4.1,2.05,2.37,2.13,2.37,2.2,2,2.46
199506,6.57,3.91,4.16,4.15,3.4,4.25,3.15,4.85,5.61,8.93
199507,6.92,3.56,4.1,3.63,5.41,4.29,4.61,5.39,5.88,9.22
199508,3.81,2.93,1.77,4.65,4.3,3.85,4,3.82,4.66,3.35
199509,2.3,2.2,2.06,2.76,2.98,3.36,2.7,3.07,3.09,3.95
199510,-9.78,-5.43,-3.26,-2.67,-1.77,-2.04,-2.47,-3.38,-2.16,-4.63
199511,-3.67,1.08,2.31,2.48,2.39,3.69,3.01,2.9,2.8,3.1
199512,-2.91,-0.42,1.1,1.1,2.23,1.98,2.38,2.34,2.61,2.33
199601,7.38,3.05,2.88,2.03,2.13,2.38,1.6,1.76,1.03,1.43
199602,5.7,3.35,2.99,3.42,2.25,2.37,3.27,2.59,3.87,4.08
199603,4.25,4.13,2.86,2.67,1.93,1.18,1.91,2.87,2.25,2.77
199604,8.16,5.6,5.41,4.53,2.68,3.49,2.99,4.3,5.72,10.03
199605,9.7,8.42,5.91,5.28,3.83,5.39,3.89,5.23,7.25,8.48
199606,-5.32,-2.2,-2.53,-0.69,-1.68,-1.91,-1.2,-1.86,-3.03,-5.84
199607,-11.08,-7.46,-6.15,-5.78,-5.41,-6.05,-5.83,-6.31,-6.7,-12.57
199608,3.93,4.25,3.68,4.05,3.64,3.55,4.19,4.76,4.11,6.7
199609,1,1.76,2.8,3.2,2.93,2.72,3.41,3.49,3.04,6.14
199610,-6.69,-3.59,-1.09,0.45,0.6,0.58,0.6,-0.59,-0.3,-2.22
199611,1.68,3.05,2.32,3.29,4.48,3.14,4.38,3.9,2.6,1.13
199612,-7.27,-0.38,1,1.66,1.49,2.19,0.83,2.15,0.76,1.18
199701,12.44,6.91,4.86,5.73,4.75,3.87,4.11,4.27,4.31,5.77
199702,-2.98,-1.54,-0.21,0.72,1.36,0.76,1.26,0.2,-0.9,-5.56
199703,-8.69,-4.45,-4.16,-3.65,-2.88,-2.7,-3.33,-3.78,-4.48,-4.64
199704,-5.64,-2.8,-2.42,-1.56,0.5,-0.15,-0.12,-0.45,-0.26,-0.5
199705,10.96,10.01,8.09,8.24,6.81,7.6,7.42,8.54,7.26,9.6
199706,1.4,4.13,4.86,4.88,5.15,4.91,5.71,6.48,6.37,6.37
199707,3.08,4.03,5.92,5.23,4.36,6.46,5.93,6.07,7.36,9.03
199708,5.11,3.17,2.38,2.02,1.93,2.12,4.73,1.69,2.35,3.97
199709,8.49,9.54,7.8,8.35,7.59,8.21,7.76,8.28,9.47,9.98
199710,-2.9,-1.72,-1.79,-1.52,-1.81,-1.22,-0.32,-1.04,-0.85,-4.56
199711,-7.09,-1.71,-0.49,-0.41,0.33,0.81,0.72,1.06,-0.09,-1.52
199712,-13.33,-5.11,-2.53,-0.66,0.12,1.06,2.52,2.39,2.14,-0.46
199801,7.27,1.18,-0.36,0.61,-0.8,-0.94,-0.12,-0.49,-1.37,-0.38
199802,6.19,6.02,6.53,7.1,6.12,6.64,6.27,6.21,7.03,6.29
199803,4.11,4.97,4.27,4.72,5.06,6.18,4.72,5.25,4.51,6.45
199804,4.3,3.26,1.66,2.16,2.5,1.26,2.05,1.42,1.7,2.67
199805,-6.37,-3.85,-3.62,-3.76,-3.64,-3.39,-3.44,-3.46,-4.18,-5.13
199806,-7.81,-5.1,-4.9,-2.97,-1.56,-2.11,-0.24,0.04,-0.46,1.56
199807,-6.58,-7.86,-7.3,-4.23,-6.32,-5.32,-5.35,-4.76,-4.12,-4.74
199808,-24.95,-21.92,-20.01,-18.23,-16.9,-17.05,-15.52,-16.74,-17.7,-22.08
199809,2.19,2.52,5.74,2.91,3.55,3.89,3.18,4.15,5.27,8.62
199810,7.62,3.06,3.37,3.48,2.98,2.49,2.62,2.33,2.11,2.3
199811,10.89,9.17,7.49,8.22,6.68,5.14,6.86,6.14,4.97,10.26
199812,-1.87,1.14,1.1,0.17,3.11,3.71,4.1,4.07,6.9,9.36
199901,18.28,10.15,6.25,3.08,1.85,1.58,0.17,1.12,2.82,8.87
199902,-4.44,-5.53,-4.94,-4.42,-5.23,-3.89,-4.62,-5.89,-6.04,-4.65
199903,0.83,-3.35,-3.08,-2.32,-2.05,-3.53,-3.34,-0.5,-2.91,3.49
199904,11.49,11.67,10.47,8.26,7.12,6.92,5.9,6.11,6.8,9.23
199905,6.99,6.46,4.63,4.26,2.98,2.44,2.14,2.44,2.11,0.55
199906,1.05,4.28,3.57,2.49,3.79,3.23,4.57,4.49,6.55,6.8
199907,2.66,-0.12,1.12,1.33,-0.31,0.05,1.62,0.19,1.04,0.8
199908,-6.26,-3.7,-2.98,-3.18,-2.66,-2.94,-3.6,-2.9,-1.96,-1.24
199909,-4.19,-4.17,-3.33,-2.61,-2.7,-2.77,-2.48,-0.29,-1.4,2.56
199910,-5.75,-2.94,-1.42,-0.9,1,1.1,0.26,0.46,-0.05,4.5
199911,13.7,7.81,5.47,4.43,2.86,4.69,4.7,9.05,8.25,18.23
199912,10.57,5.69,4.02,1.95,4.33,2.26,2.99,8.89,9.26,20.82
200001,17.39,6.11,2.35,1.15,2.59,3.87,0.85,1.01,8.05,7.48
200002,15.32,7.85,3.44,4.4,4.68,4.28,7.23,13.39,18.79,31.46
200003,-0.65,2.28,2.72,1.51,2.45,3.01,2.95,3.82,3.53,-3.6
200004,-11.11,-5.81,-3.01,-1.34,-0.77,-2.9,-3.61,-4.04,-8.25,-17.4
200005,-8.78,-4.3,-3.17,-1.84,-1.45,-1.88,-1.66,-2.78,-3.98,-12.06
200006,2.91,3.01,1.15,1.44,1.46,1.41,1.97,5.03,8.11,22.21
200007,-2.5,-1.69,-0.43,0.26,-0.32,0.67,2,1.25,-1.78,-6.84
200008,4.83,4.55,3.91,3.73,4.05,3.75,4.27,5.93,8.19,14.13
200009,-12.17,-5.97,-3.96,-0.56,-0.28,0.43,-1.47,-0.52,-2.63,-4.76
200010,-11.16,-7.34,-3.6,-2.56,-3.4,-1.86,-4.13,-4.38,-4.35,-9.5
200011,-23,-11.5,-7.77,-6.52,-3.9,-6.43,-7.34,-8.15,-9.51,-19.12
200012,-14.57,-4.37,-0.77,2.72,3.16,2.14,3.02,2.92,4.85,4.57
200101,64.75,30.62,19.89,13.52,11.69,8.28,8.21,5.49,5.55,4.8
200102,-16.51,-6.82,-3.74,-1.98,-1.98,-1.63,-1.54,-2.89,-1.96,-5.61
200103,-15.36,-6.27,-2.18,-0.93,-3.04,-0.71,-1.66,-2.18,-1.41,-1.33
200104,11.57,8.65,5.4,5.89,4.15,4.99,4.01,3.92,5.01,8.67
200105,7.34,7.45,7,5.67,6.97,5.55,6.67,6.08,5.49,7.8
200106,-1.86,2.25,3.03,2.62,2.14,3.33,2.57,2.89,2.79,3.04
200107,-9.14,-2.49,-1.02,-1.13,0.39,1.06,1.16,1.74,1.08,0.5
200108,-8.69,-4.02,-2.17,-0.91,-1.37,-0.27,-0.56,-1.16,-1.6,-2.79
200109,-20.37,-15.51,-13.49,-10.96,-8.91,-8.56,-8.86,-8.51,-7.65,-8.59
200110,16.82,5.75,5.01,6.11,4.42,3.97,2.31,4.15,2.92,7.65
200111,15.45,6.66,7.16,5.73,6.89,4.98,5.99,5.24,4.28,5.95
200112,9.33,6.4,7.1,4.79,6.07,5.15,4.19,5.76,5.37,5.91
200201,1.3,-0.99,0.99,0.9,2.9,0.95,1.63,3.15,3.76,3.12
200202,-12.31,-4.09,-1.86,-0.65,-1.59,0.37,0.85,-1.1,0.16,-2.12
200203,10.05,9.66,7.72,6.89,7.54,6.81,6.59,6.35,7.77,8.76
200204,-5.84,-1.59,-0.88,-0.51,1.31,2.08,2.73,3.41,2.93,0.81
200205,-8.07,-4.32,-1.49,-1.17,-0.6,-1.67,0.59,-1.43,0.23,0.37
200206,-15.9,-9.33,-6.68,-6.54,-4.71,-3.12,-3.17,-2.85,-1.67,-3.37
200207,-16.18,-12.19,-13.38,-10.32,-10.97,-9.67,-8,-9.04,-8.85,-12.51
200208,1.05,-1.68,-1.76,0.67,0.19,0.4,1.47,1.05,0.66,0.37
200209,-16.45,-11.9,-9.15,-8.69,-6.92,-5.94,-4.82,-5.04,-4.57,-4.94
200210,10.63,3.14,2.82,3.17,1.08,3.95,3.64,2.89,3.84,5.14
200211,32.47,16.41,13.48,8.2,6.45,4.2,5.58,4.15,3.3,5.29
200212,-14.51,-8.54,-4.26,-5.62,-3.23,-0.93,-1.15,-0.34,0.01,-0.49
200301,2.18,-0.28,-1.81,-1.44,-2.07,-0.31,0,-0.17,-0.06,1
200302,-4.9,-3.88,-3.36,-2.73,-3.06,-1.37,-1.56,-0.64,-0.67,-1.11
200303,2.46,-0.07,-0.81,-0.25,-0.61,0.91,1.33,0.05,2.21,2.94
200304,18.7,13.21,10.53,11.19,7.86,6.76,7.3,6.58,5.54,7.22
200305,32.85,20.8,13.94,12.52,10.25,10.16,8.96,8.48,7.97,7.97
200306,11.38,5.25,5.03,3.67,4.18,4.2,2.32,4.15,3.53,4.22
200307,8.05,8.56,7.09,5.95,7.17,6.1,4.28,6.26,5.79,9.4
200308,5.57,5.03,5.47,4.12,3.81,3.96,5.08,5.79,5.46,5.92
200309,7.66,1.81,0.05,0.15,1.33,0.82,0.33,1.53,1.92,3.08
200310,7.92,5.96,6.58,7.07,6.79,7.1,8.68,8.5,8.37,11.88
200311,2.06,3.59,2.8,3.67,3.38,3.75,3.5,4.15,4.16,5.1
200312,6.55,5.6,4.24,4.66,4,2.74,2.79,1.96,3.48,1.89
200401,9.57,4.62,4.73,4.75,5.84,4.02,4.33,6.4,8.26,10.62
200402,0.81,1.59,1.46,2.44,1.27,1.27,0.75,1.79,0.96,0.15
200403,0.06,-0.33,1.17,1.17,1.09,0.23,0.46,0.98,1.06,-1.19
200404,-1.73,-1.1,-1.54,-1.02,-0.87,-3.07,-2.76,-4.05,-3.4,-6.77
200405,-2.62,0.17,0.3,0.78,0.58,0.13,0.06,0.54,-0.13,0.84
200406,1.36,1.22,3,2.61,2.48,3.38,2.41,3.57,4.05,2.84
200407,-9.43,-5.38,-4.13,-5.74,-4.27,-3.45,-5.44,-6.09,-6.61,-8.77
200408,-2.59,0.23,-0.37,-0.58,-0.74,0.16,-1.45,-1.17,-1.51,-3.08
200409,2.74,2.38,3.37,2.99,3.51,3.91,4.04,4.59,6.09,7.39
200410,2.22,1.64,1.96,2.54,1.84,2.25,1.45,3,1.78,0.65
200411,12.52,7.1,7.19,6.23,6.74,7.21,8.48,8.43,8.56,9.6
200412,10.81,6.22,5.08,3.62,4.31,4.05,3.28,2.87,4.15,6.12
200501,-7.93,-2.63,-3.19,-2.45,-2.26,-2.44,-1.61,-1.6,-1.5,-2.29
200502,-1.09,-0.28,0.22,1.19,1.55,0.95,2.5,1.51,2.99,4.62
200503,-5.83,-2.27,-1.23,-2.49,-1.68,-1.86,-1.84,-1.42,-2.42,-2.98
200504,-9.36,-5.3,-4.58,-3.6,-4.08,-3.49,-3.85,-4.62,-4.66,-7.71
200505,5.46,4.07,4.12,4.25,4.13,4.92,4.24,4.88,5.56,7.68
200506,3.45,3.14,2.59,3.02,3.06,2.34,3.91,3.68,3.18,4.63
200507,8.38,6.86,5.18,5.52,4.58,5.23,5.99,5.61,5.77,8.52
200508,-2.79,-0.76,-1.1,-1.13,-1.78,-0.91,-0.5,-0.69,0.18,0.28
200509,-0.22,-0.21,-0.42,-0.17,0.55,2.08,0.88,0.69,1.87,2.72
200510,-5.49,-3.29,-1.93,-1.79,-1.48,-2.91,-2.2,-2.3,-3.14,-4.75
200511,3.57,3.14,3.13,3,4.1,3.88,3.5,4.7,2.95,5.36
200512,1.6,0.86,-0.02,0.07,0.41,0.62,0.33,0.96,1.89,0.8
200601,10.26,7.39,6.51,5.71,6.19,4.43,5.88,6.53,8.76,12.89
200602,0.96,-0.07,0.79,0.98,1.42,0.76,1.89,1.2,-0.44,-1.61
200603,4.58,3.56,3.28,2.79,3.42,4.26,4.55,4.35,5.18,5.64
200604,0.7,0.18,0.72,0.42,0.26,-0.34,0.48,1.04,1.33,1.02
200605,-5.94,-2.64,-3.81,-3.11,-3.08,-3.28,-4.22,-4.54,-5.68,-8.8
200606,-2.36,-1.83,-1.32,-0.48,0.46,0.06,0.57,-0.37,-0.06,-1.78
200607,-5.86,-3.53,-1.93,-2.19,-1.45,-2.01,-1.75,-3.04,-3.12,-5.69
200608,3.27,3.7,2.59,2.03,2.07,1.65,2.04,2.16,1.43,0.86
200609,-0.11,1.39,1.45,1.39,0.73,0.81,2.06,0.89,1.48,0.75
200610,6.11,5.03,4.34,5.37,3.73,4.28,4.54,3.36,5.53,5.83
200611,2.97,2.96,3.41,2.19,2.63,1.68,2.37,2.77,1.9,2.65
200612,1.02,0.4,1.14,0.39,1.37,1.65,1.93,1.41,0.48,2.97
200701,3.38,2.53,1.8,0.74,2.09,2.2,1.81,2.62,1.8,3.74
200702,0.24,1.25,0.06,-0.1,0.57,0.56,1.11,-0.34,-0.69,-0.82
200703,-2.06,-0.13,0.39,0.54,0.86,0.98,1.05,1.4,2.29,2.11
200704,2.99,1.99,1.45,1.75,2.64,1.91,2.08,2.9,3.19,3.25
200705,0.95,3.02,2.07,3.2,2.73,3.6,2.81,3.71,2.32,2.26
200706,-0.93,-0.72,-0.92,-0.23,-0.29,-1.17,-0.41,-0.86,-0.88,-0.55
200707,-5.85,-5.67,-5.77,-5.05,-4.56,-5.06,-4.15,-3.16,-3.8,-4.72
200708,-3.5,0.14,0.66,-0.38,-0.81,-0.01,-0.75,-1.37,0.66,-0.53
200709,-0.73,0.25,0.96,0.24,0.74,1.54,2.39,2.12,3.97,5.22
200710,-1.8,-1.66,-0.32,0.56,1.25,2.24,2.1,3.63,3.87,4.82
200711,-14.07,-8.76,-6.95,-5.56,-6.25,-5.82,-6.49,-6.69,-7.66,-8.2
200712,-4.28,-2.77,-2.96,-1.74,-1.7,-1.37,0.07,0.74,0.92,1.79
200801,0.23,-3.18,-4.32,-4.01,-4.64,-5.05,-8.01,-6.5,-9.39,-11.55
200802,-4.68,-4.1,-3.93,-3.55,-2.14,-2.04,-1.49,-1.16,0.01,-0.83
200803,-6.5,-3.13,-3.08,-0.25,-0.88,1.29,-1.05,-1.38,-1.37,-2.27
200804,-0.41,2.56,1.51,3.18,2.73,2.66,2.52,2.48,3.31,6.32
200805,3.3,2.14,3.19,2.46,4.18,4.41,2.69,2.46,3.08,7.01
200806,-13.79,-12.3,-12.83,-10.05,-9.2,-8.34,-7.88,-6.54,-4.58,-1.85
200807,-0.77,1.16,1.89,2.55,2.35,3.37,1.73,2.59,0.87,-4.49
200808,3.03,1.86,3.37,3.41,3.07,3.45,3.17,1.85,1.09,-1.2
200809,-15.63,-12.28,-9.97,-9,-8.35,-8.53,-7.08,-7.24,-10.41,-16.46
200810,-24.82,-25.37,-22.42,-21.22,-20.58,-17.8,-17.41,-15.42,-18.75,-20.9
200811,-20.16,-17.19,-16.39,-13.53,-12.69,-12.44,-10.16,-8.4,-9.38,-11.35
200812,2.88,3.68,4.22,3.05,2.96,2.48,3.6,2.9,2.73,2.21
200901,7.34,0.04,-4.63,-6.48,-6.4,-6.6,-6.66,-6.01,-8.21,-9.88
200902,-14.08,-14.72,-10.01,-12.26,-10.72,-9.69,-9.33,-10.41,-10.45,-10.86
200903,30.16,18.36,11.83,10.67,10.55,9.13,6.5,8.96,5.8,6.87
200904,45.85,36.27,30.89,22.46,19.83,14.96,14.04,12.26,7.49,5.52
200905,25.23,17.45,12.86,10.1,5.46,6.57,5.29,4.8,3.91,2.85
200906,5.58,3.64,3.85,2.37,1.91,2.51,3.44,3.06,4.54,3.47
200907,9.29,11.14,10.77,11.34,8.7,9.71,5.59,6.98,7.84,6.57
200908,25.3,12.29,5.17,7.34,4.7,2.75,2.85,1.16,1.76,0.61
200909,15.03,7.9,7.6,6.25,6.02,4.99,5.1,4.88,3.61,5.39
200910,-10.81,-7.2,-4.75,-5.02,-4.88,-4.2,-4.24,-4.41,-4.56,-8.53
200911,-2.19,1.67,1.98,2.09,1.5,3.27,2.24,1.76,5.11,4.56
200912,6.01,5.66,7.09,4.53,5.33,6.46,7.04,7.6,6.89,8.55
201001,4.13,-0.12,-0.97,-2.34,-1.26,-1.29,-2.23,-2.02,-2.57,-1.92
201002,0.93,2.83,2.95,3.44,3.56,4.47,3.92,5.4,6.8,7.09
201003,7.39,6.56,8.09,7.88,8.31,7.49,7.79,7.7,9.3,10.1
201004,11.08,6.48,6.35,5.2,5.33,5.56,6.54,7.25,8.33,12.08
201005,-10.73,-7.14,-6.46,-6.68,-7.14,-7.12,-7.67,-7.13,-7.71,-10.18
201006,-10.26,-5.72,-5.81,-4.93,-6.06,-6.15,-7.64,-7.97,-8.63,-10.91
201007,4.81,5.25,6.16,5.67,6.07,5.76,5.79,5.99,6.97,8.04
201008,-7.81,-7.25,-5.86,-6.78,-5.54,-6.13,-6.28,-5.09,-5.97,-8.49
201009,10.36,10.88,11,9.9,10.77,9.93,9.9,11.66,11.23,13.93
201010,3.71,4.14,3.92,3.51,3.42,3.7,4.54,5.31,4.56,4.8
201011,-1.92,3.03,3.68,1.95,2.16,3.3,3.3,3.02,3.76,4.06
201012,11.52,9.82,7.04,7.92,7.37,8.55,7.74,7.27,7.53,7.29
201101,4.44,1.73,1,2.08,0.87,1.87,0.85,0.98,1.81,1.34
201102,2.27,3.96,3.7,5.25,3.95,3.74,5.53,5.47,4.6,5.53
201103,-2.89,0.68,0.79,2.43,1.73,2.23,1.44,3.28,3.91,2.98
201104,-0.54,1.46,2.21,1.67,2.38,2.89,2.27,2.41,2.29,0.99
201105,-3.62,-2.55,-1.11,-1.52,-0.82,-1.41,-1.72,-1.69,-1.35,-2.59
201106,-5.8,-2.22,-1.9,-1.99,-1.34,-1.9,-0.99,-2.14,-1.2,-1.57
201107,-1.29,-2.75,-2.25,-2.85,-2.35,-3.5,-3.27,-3.01,-1.79,-3.37
201108,-12.46,-10.3,-6.79,-7.03,-6.23,-7.13,-7.81,-8.67,-9.59,-10.8
201109,-12.86,-8.75,-7.59,-8.99,-9.33,-9.28,-9.04,-10.42,-13.07,-15.2
201110,9.96,10.91,13.2,11.36,11.71,13.09,12.17,11.56,13.26,16.18
201111,-7.08,-3.53,-1.73,-1.36,-0.96,1.15,-0.47,0.36,1.06,-0.84
201112,-2.82,-0.23,1.16,1.1,-0.01,1.31,0.94,0.5,1.1,-0.21
201201,16.8,11.79,10.24,8.52,8.43,6.15,5.48,5.59,3.74,6.47
201202,5.63,5.25,3.76,3.08,3.5,3.96,2.83,2.76,2.92,4.09
201203,2.31,2.94,2.69,3.73,3.13,3.51,3.57,3.33,3.34,4
201204,-3.95,-4.26,-0.72,-1.09,-1.99,-0.86,-0.74,0.38,1.23,0.58
201205,-11.65,-9.28,-7.86,-7.05,-5.23,-5.24,-5.5,-4.54,-5.19,-5.45
201206,1.57,5.1,4.37,4.2,4.64,3.25,4.27,3.4,4.06,4.08
201207,-2.21,-2.53,-2.78,-1,-1.23,-0.03,0.25,-0.46,0.2,0.3
201208,2.59,3.9,3.75,2.72,3.22,2.46,1.72,2.35,1.82,3.82
201209,5.79,4.1,4.47,3.05,2.4,3.56,3.45,3.24,2.73,3.53
201210,-4.24,-2.41,-1.66,-2.14,-1.49,-1.5,-0.8,-1.52,-0.45,-0.15
201211,-0.23,0.14,0.8,1.26,0.49,0.31,-0.15,0.78,0.23,0.38
201212,2.93,3.26,2.95,2.88,3.41,2.62,2.28,2.36,1.51,1.35
201301,9.77,6.19,6.23,7.36,5.37,6.73,7.04,6.93,7.06,9.06
201302,-0.33,0.03,1.23,1.92,1.39,1.51,2.04,1.3,1.84,1.22
201303,2.86,2.8,4.04,4.54,3.75,4.61,4.65,5.47,5.07,7.64
201304,-1.7,-0.13,0.27,-0.28,-0.39,0.66,0.2,0.4,0.12,1.4
201305,6.37,5.69,6.16,3.54,4.13,3.11,4.1,4.15,4.47,4.2
201306,-2.37,0.37,0.73,0.01,0.67,0.1,1.45,0.77,0.52,-0.67
201307,10.61,6.1,5.68,6.59,7.18,7.06,7.51,6.61,7.18,8.73
201308,-1.02,-1.95,-2.69,-2.13,-2.03,-2.37,-2.44,-2.01,-2.37,-2.47
201309,6.96,4.4,3.42,4.99,5.01,5.91,5.64,5.89,6.55,7.46
201310,0.61,3.03,2.33,3.41,4.18,2.59,3.66,3.38,2.93,2.44
201311,4.46,3.44,4.75,3.68,4.5,3.41,3.97,4.67,5.8,4.6
201312,2.66,2.85,3.16,1.88,2.44,2.2,3.22,2.08,3.73,3.36
201401,4.77,0.48,-0.39,-2.03,-0.91,-2.83,-2.98,-1.02,-1.57,0.53
201402,4.64,3.33,2.93,3.72,4.44,5.05,4.02,5.91,5.41,5.89
201403,-1.37,2.27,0.86,0.97,1.14,1.33,-0.04,1.14,-0.7,-2.4
201404,-5.04,-3.02,-1.68,-1.64,-2.63,-2.82,-2.89,-2.29,-3.71,-7.29
201405,-1.46,-1.03,1.73,0.76,0.93,0.67,1.37,-0.05,0.47,-0.72
201406,5.26,4.24,3.12,4.02,5.3,3.31,3.67,4.36,4.66,5.42
201407,-5.24,-4.61,-3.43,-3.54,-3.87,-3.78,-4.54,-3.93,-5.19,-5.57
201408,3.49,3.2,3.52,3.36,5.02,4.22,4.14,4.38,4.05,5.81
201409,-8.94,-4.97,-4.17,-3.39,-4.43,-3.27,-3.8,-4.1,-4.05,-4.47
201410,-1.61,3.34,4.92,5.86,4.48,5.19,4.25,3.43,3.22,1.82
201411,-2.73,-2.21,-0.34,0.29,0.86,0.79,0.36,0.71,1.39,1.23
201412,0.01,2.53,1.84,2.03,1.92,2.3,1.91,2.66,1.94,1.33
201501,-6.06,-3.81,-5.15,-4.47,-2.73,-3.14,-2.48,-2.4,-1.12,-1.31
201502,10.2,6.74,6.98,5.06,5.92,5.78,6.75,4.91,4.55,5.4
201503,-4.62,-0.8,-0.06,1.21,0.74,0.95,1.58,1.62,1.36,1.67
201504,8.14,0.91,0.04,-0.25,-0.72,-1.06,-1.24,-2.02,-2.25,-3.88
201505,-2.95,-1.69,0.11,0.13,0.67,1.13,2.4,1.36,3.22,5.1
201506,-3.76,-0.81,0.37,0.1,0.31,0.25,0.05,0.62,1.01,1.01
201507,-13.9,-7.96,-4.3,-1.44,-0.97,-0.22,0.22,1.21,0.71,0.72
201508,-1.88,-5.86,-3.38,-4.6,-3.79,-3.96,-3.78,-4.44,-5.22,-7.29
201509,-14.08,-8.7,-7.63,-5.21,-2.67,-2.85,-1.63,-1.91,-2.25,-6.54
201510,5.33,5.27,7.01,6.62,5.91,4.71,4.6,4.5,6.01,4.59
201511,0.34,0.48,1.92,1.35,1.57,2.54,3.22,3.43,2.63,3.52
201512,-9.94,-6.12,-6,-5.17,-3.44,-2.92,-2.93,-2.54,-2.64,-4.25
201601,-13.63,-11.61,-8.86,-9.86,-7.92,-7.49,-7.55,-5.89,-6.71,-11.48
201602,0.01,1.63,1.09,3.95,1.64,1.37,0.32,-1.33,-1.24,-1.38
201603,16.5,11.12,8.71,8.52,7.05,6.96,6.17,5.79,5.14,4.54
201604,10.91,5.63,3.79,3.25,2.34,2.97,1.82,1.53,1.48,1.75
201605,-4.18,0.49,0.29,1.37,1.11,1.43,2.06,1.52,1.57,1.47
201606,0.35,-1.69,-2.25,-2.22,-1.73,-0.02,-0.16,0.21,1.03,1.49
201607,8.67,8.04,4.97,5.67,5.82,5.33,4.18,3.91,3.65,4.85
201608,4.52,2.42,1.79,1.14,2.84,2.78,1.34,1.68,1.38,-0.33
201609,4.7,3.08,0.68,1.78,1.18,0.8,1.2,0.83,3.35,1.76
201610,-11.21,-5.14,-4.1,-2.69,-2.38,-2.57,-2.59,-4.39,-4.21,-7.12
201611,6.39,9.22,11.42,9.29,9.69,8.73,10.29,8.39,9.63,11.18
201612,-0.82,1.65,2.61,3.44,3.27,3.69,3.8,2.99,2.18,0.75
201701,4.3,1.67,1.91,0.73,1.31,0.72,0.1,0.72,0.5,2.54
201702,1.92,2.48,2.45,2.39,2.07,1.91,1.4,2.27,1.03,-0.14
201703,0.28,1.71,0.39,1.34,0.5,0.51,0.21,1.12,0.03,-0.45
201704,-3.17,0.76,0.49,3.19,1,1.14,0.94,1.21,1.08,-0.08
201705,-7.08,-1.47,0.19,-1.19,-0.83,-0.58,-1.45,-1.32,-1.66,-1.33
201706,7.17,2.7,2,2.96,3.43,2.44,3.24,2.65,3.69,2.71
201707,-2.26,-1.49,0.66,0.39,0.41,-0.3,-0.13,0.47,1.36,1.54
201708,-3.79,-3.64,-2.17,-1.26,-1.57,-0.22,-0.76,-1.58,-0.68,0.08
201709,11.93,6.87,5.94,6.38,5.59,6.78,5.97,5.64,7.05,6.4
201710,-2.52,-2.86,-0.13,1.78,0.38,0.54,1.8,2.34,1.82,1.24