This file was created by CMPT_ME_RETS using the 201710 CRSP database.  It contains,,,,,,,,,,
value- and equal-weighted returns for size portfolios.  Each record contains returns for:,,,,,,,,,,
,,,,,,,,,,
Negative (not used)  30%  40%  30%     5 Quintiles    10 Deciles,,,,,,,,,,
,,,,,,,,,,
The portfolios are constructed at the end of Jun.  The annual returns are from January,,,,,,,,,,
to December.,,,,,,,,,,
,,,,,,,,,,
Missing data are indicated by -99.99 or -999.,,,,,,,,,,
,,,,,,,,,,
,,,,,,,,,,
  Value Weight Returns -- Monthly,,,,,,,,,,
,Lo 10,2-Dec,3-Dec,4-Dec,5-Dec,6-Dec,7-Dec,8-Dec,9-Dec,Hi 10
196701,20.68,16.54,18.94,17.68,13.61,14.17,10.99,9.03,8.34,7
196702,6.56,4.96,2.98,3.13,2,1,1.64,0.48,1.03,0.81
196703,6.92,6.58,6.9,6.98,5.74,5.58,5.43,5.1,4.39,3.82
196704,4.93,4.1,3.91,3.73,4.41,4.51,3.88,4.89,2.83,4.45
196705,-0.24,-0.26,-2.06,-1.32,-2.52,-0.85,-0.76,-2.22,-3.86,-5
196706,13.3,11.07,7.23,8.67,5.81,5.15,4.6,3.66,2.11,1.42
196707,10.39,9.06,8.77,7.55,6.79,6.01,5.36,5.89,5.18,4.09
196708,1.3,-0.3,0.69,-1.17,0.27,0.02,0.41,-0.45,-0.37,-0.9
196709,8.89,7.54,5.81,4.74,3.17,4.02,4.51,1.22,2.23,3.47
196710,-1.09,-2.57,-3.34,-1.7,-3.61,-2.45,-3.84,-5.12,-5,-1.76
196711,-1.1,1.1,0.33,1.13,1.47,0.47,1.64,0.73,0.4,0.75
196712,11.65,9.8,9.63,8.38,7.09,6.17,3.82,2.75,3.16,2.3
196801,5.7,0.91,0.54,-0.84,-0.92,-3.12,-2.76,-3.67,-2.85,-4.56
196802,-7.49,-5.97,-5.94,-6.24,-3.81,-4.73,-4.78,-4.19,-3.43,-2.33
196803,-1.53,-0.71,-1.23,-1.18,-1.27,0.95,0.73,-0.38,-0.24,1.21
196804,17.06,17.25,14.83,14.83,12.46,13.02,10.79,10.43,9.17,7.86
196805,14.72,8.6,9.66,7.14,5.61,6.07,5.03,3.86,2.67,0.97
196806,1.54,-0.53,-0.01,0.75,2.28,-0.07,2.32,1.75,2.22,0.84
196807,-2.23,-3.77,-1.81,-5.15,-2.72,-4.83,-5.49,-2.48,-2.3,-1.6
196808,4.69,4.29,3.84,2.72,3.99,2.74,1.22,2.59,1.48,1.33
196809,7.35,6.7,7.07,7,7.41,4.77,6.86,6.88,5.5,3.01
196810,0.15,0.1,1.25,0.09,1.57,1.17,1.13,0.61,1.54,0.74
196811,7.09,7.25,8.36,8.52,8.26,7.99,7.87,7.16,6.4,4.87
196812,3.41,1.51,-1.28,-1.42,-1.44,-2.49,-3.09,-3.43,-2.87,-4.58
196901,-0.57,-0.85,-0.41,-0.49,-1.23,-1.95,-2.03,0.46,0.03,-0.96
196902,-10.8,-9.61,-8.27,-8.47,-8,-7.55,-7.58,-7.21,-5.79,-3.51
196903,3.04,3.3,2.45,2.04,2.47,1.83,1.76,2.28,1.03,4.09
196904,0.11,1.17,1.61,1.05,1.21,0.97,2.04,0.85,2.05,2.52
196905,1.28,0.76,0.55,-1.57,1.04,-0.17,-0.04,0.06,-0.76,0.64
196906,-13.76,-13.26,-11.68,-11.05,-11.09,-10.47,-9.21,-7.44,-6.51,-4.65
196907,-11.58,-11.27,-9.78,-8.91,-8.52,-8.37,-7.37,-6.73,-6.34,-5.69
196908,4.14,5.63,5.99,5.05,7.96,6.6,5.23,6.4,3.99,5.04
196909,-3.3,-3.5,-0.86,-0.12,-1.12,-1.04,-1.54,-1.98,-0.95,-3.04
196910,10.78,9.45,9.24,8.9,7.32,7.58,7.94,7.08,7.05,4.1
196911,-7.06,-6.8,-4.53,-3.89,-5.34,-4.37,-3.91,-3.65,-3.47,-2.73
196912,-8.68,-6.29,-7.11,-4.85,-3.03,-3.92,-1.82,-2.14,-2.48,-0.95
197001,-1.88,-6.03,-5.23,-5.02,-6.56,-7.07,-6.9,-8.15,-6.11,-8.08
197002,2.8,3.71,3.76,3.51,4.12,4.82,4.51,6.76,7.77,5.6
197003,-4.14,-3.62,-2.39,-2.95,-1.71,-0.83,-0.25,-0.6,-0.39,0.04
197004,-18.86,-17.01,-17.26,-16.99,-14.54,-14.58,-13.32,-11.51,-10.87,-8.45
197005,-9.65,-9.48,-9.31,-11.6,-10.14,-9.78,-9.51,-8.44,-7.02,-4.82
197006,-8.09,-9.23,-7.48,-8.36,-5.13,-6.59,-5.36,-3.59,-4.75,-4.99
197007,4.06,6.04,7.3,7.3,8.37,6.72,8.58,8.77,7.3,7.32
197008,5.97,6.56,8.19,6.81,5.84,7.19,5.4,6.09,5.56,4.43
197009,16.74,13.73,14.7,12.21,9.27,9.91,7.39,6.55,4.26,2.85
197010,-8.81,-6.79,-6.53,-4.05,-5.08,-4.53,-3.91,-3.62,-2.11,-0.5
197011,-2.81,-0.5,1.8,2.83,3.38,3.95,4.76,5.33,6.3,5.45
197012,9.15,9.28,7.94,9.2,8.14,8.32,8.98,8,6.39,5.19
197101,17.42,12.27,12.86,9.88,10.12,7.91,6.83,7.7,5.16,3.47
197102,6.83,4.81,1.96,3.79,2.45,2.44,2.04,2.76,1.29,1.26
197103,6.17,5.47,5.5,5.78,7.41,5.79,5.02,5.02,3.33,4.08
197104,1.46,2.94,3.35,3.26,4.85,4.76,4.03,3.96,3.48,3.45
197105,-6.51,-5.19,-5.32,-4.01,-4.27,-3.43,-2.48,-3.99,-2.68,-3.82
197106,-2.99,-1.17,-2.28,1.43,-1.25,-0.98,0.16,0.7,0.82,0.46
197107,-6.72,-6.49,-5.59,-5.38,-3.63,-5.83,-3.95,-4.62,-3.79,-3.86
197108,3.12,5.24,5.38,5.06,3.79,6.59,5.83,4.93,3.77,4
197109,-0.2,-0.12,-1.28,-0.52,-0.74,0.06,-0.71,-0.33,-0.92,-0.39
197110,-6.98,-6.05,-5.54,-4.24,-5.82,-6.37,-4.22,-3.97,-5.59,-3.25
197111,-5.54,-3.72,-3.81,-1.22,-1.86,-1.96,-1.2,-1.49,-0.97,1
197112,12.86,12.42,13.92,11.85,10.27,11.75,11.25,9.79,9.82,8.07
197201,14.71,11.44,7.77,7.53,5.64,5.04,4.25,2.38,2,1.73
197202,4.65,3.57,3.58,4,2.41,4.38,3.52,1.74,3.28,3.01
197203,-0.88,-0.45,0.55,0.3,0.75,1.32,1.01,1.26,-0.32,1.13
197204,0.51,-0.22,1.58,0.52,0.39,0.2,0.64,-0.48,1.24,0.57
197205,-2.83,-1.93,-3.29,-0.22,-1.11,0.08,2.1,-0.37,0.66,2.64
197206,-4.19,-3.25,-2.16,-2.15,-3.48,-2.17,-2.83,-3.97,-3.21,-1.4
197207,-3.68,-4.99,-3.49,-4.16,-2.09,-2.48,-2.74,-2.54,-2.06,0.9
197208,-0.12,-0.31,0.57,1.26,2.86,2.48,2.56,3.84,5.01,3.7
197209,-4.44,-4,-3.48,-2.86,-1.87,-2.45,-3.42,-1.37,-1.96,0.19
197210,-3.22,-2.25,-0.87,-0.27,-0.55,-0.29,-0.84,0.54,0.92,1.45
197211,4.31,4.97,6.06,6,5.78,5.2,7.45,7.42,6.59,4.01
197212,-2.86,-1.59,-2.48,-1.21,0.17,-0.65,-1.19,-0.92,-1.13,2.29
197301,-2.83,-4.97,-4.94,-7.4,-5.98,-6.21,-6.21,-5.17,-6.72,-0.57
197302,-8.08,-8.71,-8.41,-7.7,-8.19,-7.43,-5.94,-5.72,-4.01,-3.2
197303,-2.41,-2.83,-2.39,-2.37,-2.96,-2.98,-2.34,-2.71,-1.25,0.18
197304,-7.24,-7.42,-7.12,-7.91,-5.91,-6.29,-7.5,-5.83,-5.38,-3.81
197305,-9.37,-8.84,-8.64,-8.36,-6.45,-6.34,-5.96,-4.49,-2.56,-0.7
197306,-3.5,-3.75,-2.39,-3.69,-3.41,-1.97,-3.53,-2.92,-3.3,0.16
197307,12.1,12.8,13.33,11.82,9.96,9.07,9.49,9.66,7.22,3.44
197308,-5.89,-5.06,-4.97,-4.46,-3.39,-3.44,-1.54,-2.35,-1.54,-3.47
197309,7.35,9.58,9.86,9.5,9.91,10.2,10.78,9.87,8.89,2.86
197310,0.06,-1.21,-0.82,-0.29,-0.93,0.73,-0.36,-0.78,-1.68,0.18
197311,-19.51,-18.65,-17.99,-17.77,-16.81,-17.14,-17.25,-15.27,-12.09,-9.86
197312,-4.86,-2.4,-1.78,-1.12,-0.87,1.08,0.98,3.62,1.47,1.32
197401,13.79,10.98,9.38,7.97,6.57,6.29,3.41,2.26,1.76,-2
197402,0.15,-0.58,1.42,0.77,0.28,-0.3,-0.17,0.96,0.33,-0.08
197403,1.58,-0.57,-0.98,-0.71,-1.6,-1.96,-2.72,-3.3,-3.29,-2.22
197404,-5.19,-5.79,-6.93,-5.31,-5.75,-5.73,-6.49,-6.34,-6.13,-3.63
197405,-7.2,-7.29,-7.98,-7.09,-7.82,-8.33,-7.9,-6.4,-6.41,-1.69
197406,-2.78,-3.08,-2.88,-2.67,-2.88,-4.43,-3.47,-3.58,-3.11,-1.48
197407,-5.61,-5.62,-5.01,-4.71,-4.3,-3.06,-5.34,-4.53,-5.95,-8.72
197408,-8.02,-8.45,-8.59,-7.96,-8.84,-8.38,-9.62,-9.66,-10.19,-8.37
197409,-7.72,-8.61,-8.6,-8.18,-8.42,-7.99,-8.89,-8.29,-7.74,-12.48
197410,7.06,10.27,9.96,9.65,9.97,11.63,15.55,14.97,18.14,18.12
197411,-5.88,-5.2,-3.92,-4.63,-3.57,-3.86,-3.23,-1.97,-2.11,-4.63
197412,-8.49,-6.6,-6.76,-5.61,-5.51,-4.44,-5.33,-3.12,-1.39,-2.09
197501,26.95,28.41,25.74,24.33,24.8,20.9,22.41,19.11,15.16,10.77
197502,4.42,4.77,5.47,3.73,3.62,4.73,3.88,4.01,4.45,7.11
197503,8.35,7.76,5.77,6.22,5.89,4.99,6.38,4.89,2.89,1.96
197504,3.12,4.4,3.45,3.59,4.64,4.78,4.87,4.61,4.23,4.81
197505,7.98,8.17,7.81,7.74,5.72,5.54,7.6,5.32,5.07,5.35
197506,7.4,6.26,7.38,6.23,5.79,5.84,5.95,7.82,6.86,4.24
197507,0.75,-2.23,-3.6,-2.88,-3.86,-4.38,-4.66,-6.8,-5.77,-6.91
197508,-5.87,-5.96,-5.56,-4.48,-3.71,-3.98,-3.72,-3.33,-2.09,-1.68
197509,-3.36,-3.57,-3.25,-4.03,-3.76,-4.17,-3.95,-4.06,-3.22,-3.68
197510,0.74,2.39,2.68,2.7,1.77,3.78,5.12,6.34,5.26,6.74
197511,1.78,2.16,2.96,2.02,1.97,3.59,3.58,4.34,2.4,3.19
197512,-1.28,-0.49,-1.5,-1.1,-0.15,0.16,-0.2,-1,-0.02,-1.59
197601,19.81,19.05,18.89,17.33,16.98,16.39,15.5,14.48,12.89,10.96
197602,12.67,9.37,8.38,8,5.94,5.83,4.08,2.41,1.48,-1.65
197603,1.72,1.83,0.57,1.33,1.67,1,2.11,1.64,0.82,3.58
197604,-1.04,-1.7,-0.92,-1.4,-0.23,-1.1,-1.28,-1.36,-0.84,-1.06
197605,-2.97,-1.97,-1.67,-2.22,-0.9,-1.68,-1.22,-1.66,-0.22,-0.79
197606,1.94,3.15,2.89,3.86,5.39,5.81,4.82,5.72,4.92,4.39
197607,-0.03,0.46,0.3,0.78,0.2,-0.46,-0.19,-0.11,-0.71,-0.83
197608,-1.81,-0.96,-2.65,-1.64,-1.44,-1.91,-0.43,-0.87,-0.12,0.45
197609,1.3,2.48,2.64,3.59,2.6,2.44,2.1,2.03,2.3,2.53
197610,-1.75,-1.66,-2.48,-1.82,-1.69,-1.87,-2.46,-1.32,-2.84,-2
197611,2.22,4.13,4.14,3.5,3.75,4.2,3.22,2.96,2.22,-0.8
197612,10.54,9.05,10.26,9.19,9.43,7.32,7.91,7.24,6.94,4.83
197701,5.34,3.24,2.06,1.12,0.4,-0.51,-2.11,-2.74,-4.04,-5.13
197702,0.43,-0.16,-1.13,-0.47,-1.06,-2.61,-1.59,-2.55,-2.38,-1.39
197703,1.09,0.59,0.05,0.06,0.39,0.47,0.12,0.01,-0.04,-1.8
197704,2.13,1.63,2.15,1.77,1.08,2.19,1.55,1.6,2.14,-0.53
197705,0.7,-0.21,-0.21,0.03,0.12,-0.25,-0.56,-0.81,-0.15,-1.63
197706,5.99,6.21,5.99,7.26,6.87,6.12,4.98,5.81,4.18,4.91
197707,1.79,0.58,0.22,-0.32,-0.24,-0.67,-1.35,-1.97,-2.15,-1.27
197708,-0.18,-0.71,-0.32,-0.85,-0.4,-0.29,-1.98,-1.61,-2.41,-1.13
197709,2.14,1.18,0.62,0.36,1.92,0.51,-0.07,0.99,-0.12,-0.17
197710,-2.26,-2.53,-2.39,-2.63,-2.21,-3.07,-2.68,-4.12,-3.84,-4.26
197711,7.71,8.48,8.61,7.53,6.85,7.05,6.64,6.56,4.31,3.14
197712,2.63,2.95,2,1.5,1.73,0.96,1.37,0.2,0.62,0.52
197801,-0.14,-2.08,-2.86,-3.93,-4.22,-4.48,-5.47,-5.51,-5.42,-6.21
197802,3.74,2.85,1.16,1.57,1.73,0.33,0.64,-1.55,-1.88,-1.56
197803,7.6,6.96,6.78,6.08,5.41,5.49,5.07,4.71,4.45,1.77
197804,8.33,8.25,8.04,7.76,7.57,7.68,7.11,7.03,7.63,9.2
197805,8.21,5.68,6.17,5.1,5.3,4.68,3.91,3.14,2.86,0.73
197806,0.82,0.67,-0.03,0.39,0.25,0.1,0.1,-0.74,-1.24,-1.88
197807,4.82,5.91,6.02,6.94,5.3,4.83,6.16,6.82,5.16,5.52
197808,10.39,7.1,8.09,8.36,6.9,7.29,5.18,5.1,3.59,3
197809,0.36,-1.22,-1.4,-1.2,-1.05,-1.57,-1.76,-0.97,-0.71,-0.56
197810,-20.83,-20.81,-19.9,-18.72,-18.02,-16.43,-14.57,-13.18,-11.83,-7.62
197811,4.41,6.13,6.75,5.83,5.9,3.91,3.27,3.11,3.2,3
197812,1.96,1.82,1.96,2.92,2.46,1.78,1.26,1.23,0.46,1.97
197901,10.01,9.16,8.79,7.79,6.9,7.73,5.86,6.32,5.25,3.5
197902,-1.56,-2.85,-2.09,-3.05,-1.75,-3.04,-2.92,-3.81,-2.68,-2.86
197903,8.02,8.96,9.44,9.09,10.03,9.1,7.54,8.65,7.53,4.85
197904,3.21,2.81,1.15,3.05,2.22,1.38,2.3,0.97,-0.14,0.29
197905,0.29,-1.74,-1.17,-1.15,-1.49,-1.83,-1.05,-0.78,0.26,-1.95
197906,5.33,5.48,6.68,6.38,6.07,4.65,5.89,6.62,5.98,3.54
197907,1.83,3.11,2.75,3.33,2.98,4.1,3.44,1.98,2.78,0.5
197908,7.29,7.74,7.86,7.7,8.09,6.54,7.53,7.02,6.06,5.63
197909,-0.61,-0.25,-1.04,0.05,0.44,-1.27,0.3,-1.13,0.12,0.31
197910,-10.26,-11.01,-11.37,-10.08,-9.33,-9.04,-8.83,-8.54,-7.95,-5.63
197911,7.06,8.06,8.66,8.08,9.28,7.6,8.14,7.32,6.77,5.11
197912,8.47,6.51,6.43,6.44,5.21,3.75,4.49,3.17,3.85,1.05
198001,11.52,8.35,7.5,6.62,6.95,6.54,6.24,6.2,6.12,5.84
198002,-0.56,-1.54,-1.1,-2.48,-2.37,-3.14,-2.42,-2.27,-2.97,1.45
198003,-19.12,-18.22,-17.65,-16.85,-17.41,-14.75,-14.19,-13.03,-10.14,-9.42
198004,5.23,7.38,6.32,5.77,6.58,8,5.83,7.01,4.88,4.31
198005,6.59,7.21,8.43,9.15,8.11,7.48,9.39,7.75,5.96,4.88
198006,4.45,4.76,4.13,5.45,5.37,4.3,4.93,4.95,3.77,2.8
198007,9.31,10.67,10.48,10.96,9.21,9.24,8.94,6.89,8.16,5.57
198008,8.23,7.32,6.27,5.61,4,4.56,3.68,1.45,2.53,1.26
198009,4.46,3.9,3.47,2.73,3.29,3.18,3.23,2.93,3.62,2.67
198010,6.11,3.9,3.58,3.21,3.2,1.64,0.9,0.78,1.56,1.96
198011,7.54,7.59,8.19,8.42,5.8,7.9,10.03,7.08,9.24,12.83
198012,-4.4,-4.8,-3.47,-2.18,-2.18,-2.94,-2.42,-2,-2.07,-3.6
198101,0,-1.12,-0.91,-1.5,-1.03,-2.06,-2.87,-2.86,-3.87,-5.52
198102,-0.42,-0.33,0.79,2.36,1.78,2.2,1.54,2.83,1.28,1.89
198103,7.16,8.04,7.83,7.76,7.07,8.45,8.57,7.91,7.36,1.61
198104,3.56,4.25,2.52,3.75,2.37,2.07,0.43,-0.31,-0.65,-2.75
198105,3.41,3.53,3.5,3.37,2.78,2.98,2.89,1.78,1.71,0.01
198106,-1.54,-1.45,-2.19,-2.88,-1.12,-2.35,-2.27,-0.93,-2.04,0.18
198107,-2.48,-3.19,-2.04,-2.19,-1.46,-2.12,-1.66,-0.58,-1.07,0.98
198108,-8.44,-8.22,-7.67,-7.12,-5.98,-6.8,-5.71,-4.98,-5.88,-5.23
198109,-10.16,-8.58,-8.31,-6.64,-7.37,-5.5,-6.35,-7.04,-5.7,-5.17
198110,7.34,8.49,8.21,8.2,7.34,7.15,6.35,6.44,7.34,5.17
198111,1.15,3.2,3.79,4.07,3.51,2.1,4.83,4.71,3.94,5.03
198112,-2.11,-1.47,-1.49,-1.99,-1.63,-2.3,-2.13,-2.81,-2.49,-3.23
198201,-1.23,-2.67,-2.82,-4.16,-4.52,-3.19,-4.75,-3.28,-2.98,-1.49
198202,-4.37,-4.62,-4.62,-4.14,-4.82,-3.29,-4.48,-3.4,-4.51,-5.74
198203,-1.17,-1.1,-0.75,-0.95,-0.21,-0.32,-0.8,-1.15,-1.11,-0.77
198204,4.8,5.96,5.33,6.1,5.54,5.31,4.54,5.34,5.23,3.65
198205,-1.84,-1.65,-2.73,-3.65,-2.4,-2.55,-3.93,-4.04,-4.39,-2.09
198206,-2.74,-3.19,-2.71,-1.81,-2.82,-1.86,-2.4,-1.9,-2.72,-1.76
198207,-1.71,-2.09,-1.92,-0.13,-1.46,-1.99,-2.08,-3.44,-3.62,-1.72
198208,4.43,6.98,7.64,8.51,11.1,11.24,11.84,13.04,12.26,12.59
198209,3.2,4.24,4.22,4.03,4.67,3.33,2.48,3.34,1.54,0.85
198210,12.95,15.39,14.87,13.29,13.74,14.11,15.32,13.2,11.76,10.47
198211,11.77,8.07,8.54,8.97,8.95,8,7.46,5.57,5.04,3.7
198212,2.03,1.94,1.12,0.26,0.45,0.58,0.78,1.8,1.05,1.39
198301,11.59,8.3,6.11,6.73,5.02,4.09,3.39,3.66,2.75,3.91
198302,5.35,5.37,6.43,5.56,5.56,4.75,4.07,2.7,3,2.4
198303,5.64,4.58,4.64,3.47,4.95,4.51,3.18,2.9,3.75,3.13
198304,7.91,8.5,7.69,8.66,6.89,6.67,6.86,6.31,6.59,7.68
198305,10.33,8.42,5.98,5.11,3.87,4.35,4.25,3.47,2.21,-1.93
198306,4.57,3.29,4.48,4.74,4.76,3.57,4.43,2.49,3.54,3.83
198307,-2.46,-1.91,-2.06,-3.84,-2.47,-3.35,-3.66,-3.15,-3.32,-3.54
198308,-3.71,-2.82,-3.54,-2.75,-3.2,-2.28,-1.03,0.55,-0.29,2.13
198309,-0.81,0.54,2.59,2.58,2.5,4,3.31,1.77,2.21,1.14
198310,-5.95,-6.2,-5.92,-6.59,-5.6,-4.32,-4.21,-3.33,-2.35,-1.04
198311,2.57,3.87,3.98,6.04,4.41,5.17,4.44,4.94,2.42,1.59
198312,-2.2,-1.35,-0.9,-1.8,-1.85,-1.53,-1.79,-2.17,-1.64,-0.16
198401,0.72,-0.98,-1.31,-1.43,-2.54,-4.34,-3.47,-3.25,-1.23,0.05
198402,-5.63,-5.71,-5.14,-4.62,-5.49,-6.03,-5.69,-4.54,-5.12,-2.74
198403,0.36,1.03,1.11,0.6,1.62,1.1,2.12,1.64,2.46,0.74
198404,-2.47,-0.82,-0.33,0.08,-0.02,-0.32,-0.62,-2.33,-0.86,1.8
198405,-5.14,-5.08,-4.6,-5.54,-6.14,-5.21,-5.13,-5.37,-5.34,-4.91
198406,0.88,3,2.52,3.76,3.55,3.3,3.5,3.36,3.21,2.68
198407,-5.45,-4.19,-4.78,-3.62,-3.6,-2.87,-3.99,-3.18,-1.52,-0.65
198408,7.72,10.61,12.6,11.41,13.04,12.58,11.56,12.79,11.07,10.67
198409,-0.14,-0.43,-0.77,-0.55,0.53,-0.02,-0.11,0.92,0.61,-0.09
198410,-2.21,-1.92,-1.08,-0.73,0.15,-1.13,-0.98,1.01,1.06,0.41
198411,-3.79,-1.7,-2.63,-1.9,-0.3,-0.26,-1.04,-0.69,-0.02,-1.14
198412,0.11,1.86,2.36,1.82,2.93,2.65,2.25,3.05,3.31,2.37
198501,12.92,12.48,13.05,11.69,10.61,10.39,10.99,9,6.92,7.41
198502,4.31,2.66,2.35,2.68,1.63,0.6,1.14,1.94,2.08,1.6
198503,-1.34,-1.55,-2.18,-1.53,-0.97,-1.41,-0.16,-0.25,1.13,0.01
198504,-0.93,-0.02,-1.34,-0.04,0.2,-0.46,-0.97,-0.23,-0.24,-0.07
198505,2.37,3.4,4.35,4.01,5.13,4.7,5.03,6.22,7.34,5.99
198506,1.4,1.99,1.88,3.25,2.78,2.72,1.72,2.21,2.47,1.34
198507,2.42,2.8,2.94,2.78,1.66,1.72,0.4,-0.4,-1.68,-0.62
198508,-0.45,-0.51,-0.7,-0.24,-1.01,-0.78,-0.22,-0.53,-0.48,-0.4
198509,-6.07,-5.24,-5.67,-5.63,-5.15,-4.32,-5.19,-5.01,-4.49,-2.73
198510,1.25,3.45,4.23,4.2,3.95,3.3,4.74,5.61,6.47,4.42
198511,4.6,7.18,7.52,7.69,7.7,6.39,7.97,6.58,7.15,7.08
198512,3.17,4.55,4.95,3.88,4.52,3.97,3.74,4.12,3.96,5.12
198601,4.87,2.53,1.18,1.43,2.24,2.36,1.76,1.76,2.75,-0.16
198602,5.91,7,8.43,7.14,8.05,6.82,7.38,8.02,8.65,7.53
198603,4.12,5.66,4.43,4.76,4.48,6.63,6.82,4.23,4.51,5.97
198604,1.81,1.82,0.64,1.58,1.94,0.53,-1.26,-0.78,-2.54,-1.01
198605,3.47,4.46,3.19,4.59,4.6,5.36,4.88,5.33,5.68,5.36
198606,1.15,0.63,0.97,1.33,0.5,1.31,0.87,1.78,1.45,1.94
198607,-8.12,-8.61,-9.59,-8.28,-9.29,-7.24,-6.34,-6.78,-5.36,-4.88
198608,0.03,1.51,3.12,4.41,4.14,6.62,6.99,7.67,7.1,7.23
198609,-6.19,-6.83,-6.48,-6.72,-6.43,-6.31,-6.3,-7.51,-8.25,-9.13
198610,1.43,2.42,3.86,4.14,3.18,3.22,5.32,5.88,6.53,5.32
198611,-1.28,-0.56,-0.37,-0.49,0.25,-0.15,0.83,0.81,1.38,2.63
198612,-4.19,-3.28,-2.64,-2.76,-2.05,-2.34,-2.92,-3.65,-3.7,-2.27
198701,10.75,10.95,12.04,11.93,11.52,11.99,13.33,12.5,12.62,13.33
198702,8.08,8.02,7.17,8.35,6.75,6.71,5.91,5.3,4.82,3.47
198703,3.35,1.87,2.4,1.44,1.8,1.04,1.77,1.14,1.1,2.67
198704,-1.98,-2.25,-2.08,-3.7,-3.18,-2.1,-1.42,-3.51,-2.29,-0.85
198705,-0.09,-0.49,-0.2,-1.13,0.77,0.31,0.63,0.46,0.09,0.98
198706,1.72,1.09,2.42,2.87,2.79,3.52,3.26,4.29,5.18,5.19
198707,2.06,2.65,2.84,3.37,4.03,4.71,4.52,5.16,4.94,4.32
198708,0.99,2.4,3.85,3.52,4.28,2.26,4.13,3.13,3.33,4.65
198709,-1.19,-2.58,-2.34,-1.89,-2.18,-2.45,-1.14,-1.64,-2.44,-2.24
198710,-28.92,-30.48,-28.93,-29.45,-28.12,-26.15,-26.23,-24.32,-22.27,-19.72
198711,-5.31,-5.4,-4.55,-5.18,-4.2,-3.82,-4.58,-5.75,-6.46,-9.16
198712,1.62,6.09,6.77,9.11,8.37,8.24,9.42,7.98,7.83,6.56
198801,7.4,5.17,4.76,3.6,3.54,4.96,3.16,4.09,5.95,4.39
198802,6.09,6.85,7.1,9.44,7.9,7.63,7.69,7.53,4.89,3.73
198803,4.28,4.84,3.56,3.64,2.27,1.03,0.92,0.49,-1.92,-4.2
198804,1.13,2.35,2.02,2.87,0.88,0.57,0.32,0.67,0.6,1.09
198805,-2.38,-1.99,-2.66,-2.46,-1.13,0.06,-0.6,0.27,-0.34,1.22
198806,5.07,5.65,7.45,7.56,6.58,6.3,7.29,6.36,5.08,4.38
198807,0.09,-0.34,-0.37,-0.97,-1.38,-2.27,-2.05,-1.6,-1.58,-0.01
198808,-2.24,-2.65,-1.87,-3.18,-2.91,-2.07,-1.75,-1.79,-2.7,-3.14
198809,1.1,2.33,3.16,2.35,2.91,2.31,3.81,2.8,5.09,4.33
198810,-1.7,-1.46,-0.46,-1.1,0.13,0.04,0.42,0.25,1.65,3.18
198811,-4.36,-3.56,-3.25,-2.52,-2.16,-2.66,-1.75,-2.43,-2.65,-0.9
198812,2.11,2.75,4.69,3.38,3.76,3.47,2.04,2.22,1.92,1.76
198901,4.93,4.98,4.98,4.27,4.43,6.08,5.82,6.03,7.2,7.19
198902,0.36,0.54,1.18,1.48,0.46,0.34,-0.2,0.03,-1.47,-2.96
198903,1.87,2.64,2.35,1.93,3.78,0.72,1.04,1.73,2.47,2.42
198904,2.86,2.75,4.4,4.73,5.38,4.93,5.79,4.96,4.86,5.26
198905,2.92,3.3,3.58,3.84,4.73,4.71,4.01,3.93,4.85,4
198906,-1.15,-1.62,-2,-1.98,-1.34,-0.77,-0.66,0.27,0.34,-0.76
198907,2.63,3.03,4.74,4.19,4.85,4.74,6.79,7.97,8.01,9.18
198908,1.97,1.73,3.4,3.21,3.08,3.37,3.97,3.07,3.45,1.22
198909,-0.08,0.54,0.15,0.89,0.24,-0.73,-1.2,-1.69,-0.51,0.44
198910,-5.69,-5.72,-5.48,-6.44,-5.45,-5.03,-4.57,-4.65,-4.61,-1.17
198911,-1.22,0.23,1.03,0.24,1.17,1.66,0.62,2.12,1.17,2.25
198912,-2.15,-0.69,0.75,0.27,-0.44,0.8,1.56,2.21,1.74,2.38
199001,-5.56,-8.01,-8.8,-8.8,-9.19,-7.5,-7.26,-8.45,-6.85,-6.8
199002,1.22,2.72,4.12,2.32,2.93,2.8,1.6,2.16,1.95,1.18
199003,2.02,2.73,4.89,3.2,3.74,1.88,3.66,1.87,1.19,2.61
199004,-2.14,-3.51,-2.13,-4.85,-3.3,-3.83,-4.77,-4.31,-3.97,-1.62
199005,4.03,6.1,8.08,6.69,6.77,8.58,9.05,9.41,9.3,9.49
199006,1.34,-0.2,-0.46,-0.13,1.05,-0.41,-0.88,-0.83,-1.65,-0.3
199007,-4,-4.63,-4.15,-4.19,-3.77,-3.74,-1.69,-2.59,-1.91,0.08
199008,-12.46,-13.86,-13.26,-12.56,-12.48,-11.54,-10,-10.22,-9.36,-8.51
199009,-8.58,-9.43,-8.81,-9.25,-9.5,-7.24,-5.84,-8.04,-6.28,-4.04
199010,-6.99,-6.26,-5.98,-5.68,-5.69,-3.78,-3.01,-3.01,-2.28,0.52
199011,1.62,4.19,6.71,7.88,9.22,8.95,7.99,9.58,9.69,5.64
199012,-1.17,1.45,3.21,5.36,4.52,4.97,4.47,3.83,4.03,2.39
199101,7.27,8.33,8.42,7.58,9.18,6.9,6.5,5.95,6.1,4.07
199102,12.89,12.77,10.5,11.61,10.06,8.71,10.01,7.84,7.96,6.71
199103,9.65,6.54,6.7,5.92,5.24,4.62,3.43,4.28,2.88,2.24
199104,2.69,-0.17,0.27,0.41,1.08,-0.16,-0.04,1.35,1.62,-0.3
199105,2.62,3.8,4.74,3.99,4.35,4.27,4.52,5.27,4.93,3.65
199106,-4.02,-5.07,-4.18,-4.4,-3.75,-4.31,-3.96,-5.06,-5.57,-4.2
199107,2.18,4.11,3.73,4.2,4.92,5.57,4.95,4.48,4.72,4.81
199108,1.87,4.06,3.35,3.94,4.98,3.87,2.32,2.54,2.66,2.62
199109,0.89,1.59,1.34,-0.2,-0.17,-0.79,-0.66,-0.58,-0.92,-1.65
199110,2.32,5.19,2.59,2.17,2.71,2.38,1.14,2.23,2.39,1.18
199111,-1.24,-4.73,-5.57,-4.65,-5.46,-3.93,-3.56,-3.83,-4.67,-3.29
199112,2.8,6.55,7.23,9.36,10.67,11.34,10.05,11.41,11.74,11.64
199201,16.68,11.78,7.81,6.88,5.27,3.88,1.2,1.22,-0.09,-2.78
199202,5.13,3.75,2.36,2.45,2.39,3,2.04,1.99,2.15,0.51
199203,-1.09,-4.58,-3.81,-3.53,-2.5,-2.29,-2.72,-3.12,-2.32,-1.84
199204,-5.21,-4.91,-4.52,-3.27,-1.07,-2.14,-0.26,1.57,2.04,2.95
199205,0.24,-0.1,0.26,1.17,0.79,1.02,0.7,0.48,0.58,0.67
199206,-4.71,-5.4,-4.01,-3.5,-3.23,-2.71,-2.94,-1.51,-1.7,-1.61
199207,2.44,3.11,4.11,3.3,4.09,5.06,3.76,4.58,4.1,4.1
199208,-3.29,-3.1,-2.66,-2.57,-3.34,-2.25,-2.43,-2,-2.52,-1.83
199209,0.76,1.22,3.44,1.96,2,3.08,1.1,1.74,2.62,0.88
199210,1.34,3.16,3.49,3.5,3.86,3.3,2.61,3.14,1.89,0.05
199211,7.42,10.3,8.46,7.32,7.38,6.91,4.61,4.95,4.53,3.16
199212,4.87,3.08,2.89,3.52,3.5,3.8,2.92,2.97,1.16,1.15
199301,7.93,3.63,3.39,2.42,2.5,1.65,1.62,2.55,1.9,-0.03
199302,-2.03,-4.45,-2.97,-2.29,-1.39,-1.62,-0.09,-0.02,0.81,1.25
199303,3.64,2.75,2.82,2.66,3.52,4.76,3.75,3.35,3.06,1.81
199304,-1.64,-3.4,-2.83,-2.82,-3.18,-2.22,-2.62,-3.02,-2.88,-2.79
199305,3.41,4.68,5.35,3.99,4.69,4.91,3.23,3.93,2.44,2.64
199306,1.4,-0.15,0.19,0.82,1.98,-0.31,1.34,1.34,0.28,0.29
199307,1.42,1.25,1.2,0.96,1.34,-0.07,0.45,0.06,0.65,-0.66
199308,3.67,4.27,4.64,5.02,3.85,4.43,4.32,5.66,3.96,3.47
199309,3.77,2.73,2.59,3.65,2.34,1.52,0.75,0.15,-0.18,-0.6
199310,5.03,4.23,3.95,1.32,2.21,0.11,0.52,1.15,0.63,1.92
199311,-2.95,-3.21,-3.18,-3.72,-2.8,-2.5,-3.77,-2.37,-1.29,-0.89
199312,0.06,1.5,2.82,3.73,4.75,4.03,4.27,3.61,2.41,0.66
199401,5.54,3.77,3.21,2.16,1.97,2.8,3.09,2.74,2.86,3.15
199402,-0.9,-0.96,-0.5,-0.93,0.73,-0.36,-1.34,-1.79,-2.12,-3.27
199403,-4.51,-5.25,-6.74,-5.58,-4.47,-5.35,-4.28,-4.81,-3.63,-4.26
199404,-1.48,-0.8,-0.09,0.78,0.12,0.32,1.14,0.56,0.41,1.52
199405,-0.44,-0.99,-1.22,-1.43,-1.84,-0.83,-1.22,0.41,0.84,2.05
199406,-2.13,-3.95,-3.35,-2.75,-3.18,-1.71,-3.06,-3.3,-2.94,-2.36
199407,0.62,0.34,2.48,1.91,2.32,3.47,3.89,3.14,3.36,3.23
199408,2.67,4.54,5.53,6.71,6.88,5.15,5.25,4.87,4.97,3.76
199409,1.48,1.1,0.91,-0.79,-0.63,-0.77,-1.79,-2.09,-2.83,-2.36
199410,0.46,0.36,-0.2,-0.35,-0.47,1.85,0.35,0.21,1.77,2.66
199411,-3.86,-3.62,-3.62,-3.91,-3.91,-5.63,-5.37,-3.45,-4.19,-3.13
199412,-2.35,-0.18,1.77,2.35,2.96,2.36,1.54,1.02,0.72,1.42
199501,3.06,1.47,-0.46,-1.03,-2.18,0.08,1.28,1.57,3.04,2.98
199502,2.2,3.58,3.73,3.81,4.39,5.74,5.37,4.29,5.57,3.42
199503,2.03,1.2,3.73,2.04,2.18,2.06,2.98,2.13,3.3,2.65
199504,2.96,2.51,2.37,1.43,2.07,1.23,2.56,1.26,1.61,3.22
199505,2.36,1.87,2.09,1.12,0.93,2.46,1.98,2.68,3.85,4.2
199506,7.63,5.68,6.44,5.86,4.14,4.21,5.3,3.15,2.41,2.36
199507,5.28,7.07,6.12,7.09,6.32,5.87,6.22,5.22,3.89,3.29
199508,4.73,3.83,1.76,2.08,2.3,1.14,1.17,1.84,2.1,0.23
199509,2.33,2.68,1.6,1.99,1.5,1.5,2.59,2.32,2.63,5.11
199510,-5,-4.3,-6.45,-6.27,-4.11,-1.86,-0.96,-3.06,-2.17,0.44
199511,0.55,2.8,4.24,5.25,3.61,5.75,4.54,4.54,5.25,4.22
199512,0.81,2.72,2.8,2.97,1.38,2.93,0.31,-0.3,0.8,1.92
199601,2.51,0.16,-0.42,-0.11,0.33,-1.17,0.68,2.59,3.12,3.57
199602,3.05,3.21,3.28,3.58,3.66,3.21,3.08,1.57,2.42,1.08
199603,2.88,3.11,1.56,2.89,2.55,2.87,2.38,0.7,1.19,0.71
199604,7.3,7.96,7.44,6.66,4.53,4,3.56,3.25,1.92,1.17
199605,8.75,5.52,5.65,4.56,3.26,1.88,1.41,1.51,1.69,2.82
199606,-4.84,-4.39,-3.27,-4.7,-3.22,-3.56,-1.95,-1.64,-0.86,0.85
199607,-9.06,-9.4,-11.33,-9.02,-8.83,-8.52,-5.86,-6.56,-6.33,-4.06
199608,3.26,5.12,5.71,6.19,7.19,6.26,5.45,5.12,3.62,1.83
199609,2.09,3.74,4.19,3.92,4.57,5.13,4.14,5,5.41,5.97
199610,-2.63,-1.67,-1.34,-1.99,-3.06,-2.22,0.97,-0.35,1.05,2.7
199611,1.38,2.89,3.31,2.46,3.97,4.77,5.52,6.13,6.81,7.86
199612,0.33,1.97,2.75,2.43,0.67,0.34,0.64,-0.96,-2.36,-1.82
199701,6.5,4.01,3.14,2.3,3.19,1.2,3.21,2.8,4.87,6.84
199702,-1.45,-2.51,-3.95,-2.72,-1.69,-2.51,-0.36,0.01,-0.11,0.72
199703,-4.6,-4.93,-6.1,-4.76,-5.46,-4.2,-5.1,-4.7,-4.16,-4.45
199704,-3.01,-3.98,-1.28,-0.64,1.23,2.22,2.22,1.9,3.09,6.7
199705,7.96,10.99,13.02,12.25,11.61,9.85,8.7,7.86,7.42,5.92
199706,5.18,6.49,5.46,5.07,5.1,4.16,3.99,3.14,2.72,4.78
199707,4.83,6.01,3.29,6.45,5.53,6.33,6.4,7.45,9.04,8.13
199708,4.24,4.46,3.67,2.48,2.89,1.09,0.4,-0.06,-2.05,-6.32
199709,10.14,9.18,8.28,7.8,7.74,6.24,6.59,4.53,5.68,5.38
199710,-2.05,-4.03,-5.07,-3.88,-5.41,-3.63,-4.52,-4.88,-3.28,-2.86
199711,-2.71,-1.27,-1.62,-2.18,-0.67,-0.69,1.44,1.92,2.67,5.12
199712,-3.52,-0.01,0.6,1.26,1.23,2.6,2.62,1.29,3.59,1.73
199801,-0.45,-0.93,-0.45,-1.39,-0.47,-1.85,-0.87,-1.15,-2.32,1.97
199802,5.21,7.13,7.53,8.33,8.41,8.79,7.79,7.5,8.09,7.13
199803,5.08,5.5,4.19,4.85,4.3,4.59,5.18,4.67,4.7,5.33
199804,2.81,2.4,0.57,1.82,-0.08,1.03,1.03,-0.1,0.28,1.62
199805,-4.25,-5.13,-5.05,-6.02,-5.68,-5.82,-4.1,-3.52,-2.34,-1.57
199806,-3.11,1.43,-0.32,1.49,1.52,0.67,0.88,-0.04,2.52,5.14
199807,-6.26,-6.15,-7.59,-7.71,-7.69,-8.15,-5.52,-5.78,-4.56,0.01
199808,-20.87,-22.77,-21.01,-19.56,-20.23,-19.96,-18.69,-17.11,-14.84,-14.43
199809,1.14,5.66,6.65,7.83,6.61,7.57,4.73,7.38,5.73,6.68
199810,1.09,3.13,3.63,4.6,5.39,4.28,6.82,7.48,7.79,8.07
199811,7.95,8.52,7.03,6.34,7.05,5.12,4.87,3.78,5.79,6.74
199812,0.56,4.35,5.67,5.6,6.14,7.95,5.71,5.97,5.75,6.84
199901,7.28,4.08,2.05,0.01,2.67,0.2,-1.02,-1.48,1.36,4.94
199902,-5.25,-7.31,-8.43,-9.37,-8.79,-7.17,-4.07,-3.84,-2.02,-3.39
199903,-3.7,-2.34,-0.05,1.62,4.58,2.45,0.84,3.63,4.8,3.94
199904,8.14,11.22,9.73,5.98,11.15,9.67,7.55,9.92,6.1,2.96
199905,3.17,1.15,1.58,2.32,-0.18,0.01,2.85,0.73,-1.21,-2.64
199906,3.82,10.27,6.77,7.63,5.75,3.63,5.26,6.12,2.42,5.43
199907,2.28,0.82,-1.03,-2.15,-2.31,-2.59,-0.31,-2.73,-3.8,-3.33
199908,-2.89,-2.94,-4.58,-3.61,-2.66,-4,-3.98,-1.29,-1.91,-0.2
199909,-2.45,-0.72,0.25,-0.46,1.34,0.14,-1.55,-1.54,-4.61,-2.6
199910,-0.51,-1.35,-0.57,0.1,2.08,1.57,5.83,5.11,6.14,7.04
199911,12.21,9.75,9.08,7.7,6.64,5.68,6.14,4.36,2.47,2.54
199912,12.9,15.61,9.92,12.06,11.76,6.48,12.13,12.23,7.28,5.99
200001,10.6,1.89,1.06,-2.92,-5.15,-3.01,-3.85,-3.65,-3.37,-4.67
200002,29.54,25.89,18.33,17.39,12.97,11.88,13.67,12.98,6.72,-2.6
200003,-10.36,-10.78,-5.75,-7.14,-5.02,-1.09,2.87,3.51,5.49,10.64
200004,-18.2,-12.48,-11.88,-6.48,-5.89,-5.15,-5.7,-6.19,-5.1,-3.4
200005,-10.38,-7.31,-8.09,-5.01,-3.48,-3.2,-5.19,-3.64,-3.03,-2.56
200006,18.53,21.87,13.17,9.13,7.33,6.21,5.18,6.98,3.7,2.72
200007,-1.89,-2.01,-1.37,-4.21,-3.49,-3.09,-3.67,-1.68,-0.93,-1.9
200008,3.83,8.07,5.49,5.99,7.69,8.04,7.3,10.41,9.27,7.27
200009,-3.31,-3.78,-3.46,-3.08,-4.89,-3.34,-4.75,-4.68,-0.65,-5.47
200010,-7.31,-7.75,-4.57,-5.41,-4.58,-5.78,-3.41,-2.53,-2.15,-1.64
200011,-9.19,-10.83,-8.99,-10.53,-10.77,-11.04,-7.94,-9.85,-9.38,-9.72
200012,-2.38,1.26,6.42,7.51,8.95,9.33,8.75,7.71,6.87,-0.19
200101,17.77,14.88,10.7,7.63,4.45,5.25,2.34,3.71,2.73,3.23
200102,-3.24,-5.44,-5.27,-5.23,-6.83,-7.67,-5.7,-7.7,-5.04,-10.54
200103,-1.12,-4.35,-3.19,-2.95,-5.79,-6.94,-6.79,-4.83,-5.44,-7.4
200104,2.88,7.37,7.4,7.1,8.21,8.35,8.68,10.65,7.46,8
200105,8.92,12.69,4.64,2.65,2.74,2.69,3.08,3.21,2.49,0.22
200106,2.03,3.07,8.1,5.95,4.1,-0.11,1.35,-0.77,-1.42,-2.44
200107,-0.76,-4.23,-6.34,-6.68,-5.18,-4.39,-1.34,-2.7,-3.83,-0.91
200108,-3.12,-3.17,-4.31,-4.59,-3.78,-4.31,-4.62,-5.3,-4.84,-6.77
200109,-11.07,-13.79,-15.54,-16.09,-15.24,-12.97,-12.04,-14.89,-10.89,-7.11
200110,6.68,5.44,6.68,7.26,8.13,7.6,4.9,4.83,3.77,1.7
200111,5.74,7.62,8.69,9.93,8.35,8.05,7.26,10.12,7.56,7.77
200112,6.69,7.88,7.49,7.2,5.87,6.29,5.76,4.35,2.61,0.4
200201,4.55,-0.82,-1.11,-2.5,-1.26,-2.14,0.02,-1.77,-0.41,-1.8
200202,-3.91,-4.37,-3.81,-3.26,-2.8,-1.83,-1.29,-1.42,-1.74,-2.28
200203,7.85,8.54,9.17,8.46,8.84,6.8,5.96,6.55,5.93,3.32
200204,1.96,1.85,1.32,1.58,-0.16,-1,-1.73,-0.74,-3.18,-7.2
200205,1.78,-3.81,-5.57,-4.62,-5.22,-2.82,-1.47,-1.44,-1.23,-0.72
200206,-4.03,-0.26,-3.38,-5.13,-6.25,-6.86,-7.46,-8.24,-6.6,-7.58
200207,-11.35,-16.88,-15.46,-16.29,-12.61,-9.63,-9.9,-10.33,-9.65,-6.45
200208,-0.48,-1.65,-0.82,1.22,0.39,1.97,0.57,0.35,0.52,0.84
200209,-8,-8.03,-7.4,-7.01,-7.61,-8.61,-9.07,-10.86,-8.54,-10.87
200210,3.32,2.75,4.29,3.25,5.15,3.74,5.26,5.71,6.56,9.38
200211,11.47,12.29,10.16,9.32,8.86,7.45,8.54,9.15,5.05,5.3
200212,-3.84,-6.2,-6.81,-5.72,-6.03,-4.1,-5.65,-4.63,-3.71,-6.23
200301,2.09,-2.38,-2.97,-2.72,-2.64,-3.29,-1.37,-2,-1.94,-2.99
200302,-1.14,-4.84,-2.49,-2.78,-3.74,-2.25,-1.87,-2.15,-0.56,-1.98
200303,1.81,0.82,0.81,1.71,0.95,1.38,0.37,0.56,1.03,1.17
200304,9.48,10.17,10.39,9.3,11.18,8.43,8.98,8.09,6.45,8.47
200305,14.1,13.67,11.03,11.1,10.35,7.63,9.94,9.45,8.98,4.44
200306,5.51,5.49,1.73,1.87,1.91,1.89,2.28,0.74,0.28,1.48
200307,9.04,7.71,7.82,6.51,5.31,3.89,4.03,3.38,2.1,1.57
200308,5.19,4.93,4.88,4.7,5.66,5.02,5.22,4.8,3.82,1.29
200309,4.5,0.12,-2.37,-2.74,-2.56,-1.41,-1.36,-1.72,-1.69,-0.98
200310,9.46,8.99,9.03,8.68,8.43,8.45,7.64,8.55,6.81,5.13
200311,4.93,4.04,3.43,3.37,3.11,3.95,3.22,2.51,2.16,0.66
200312,2.75,2.36,2.22,2.21,1.75,3.16,1.82,3.08,3.38,5.36
200401,8.37,5.71,4.79,4.29,3.3,2.9,3.23,1.9,2.82,1.57
200402,0.34,0.07,0.03,1.4,0.75,2.67,2.46,2.04,2.04,1.3
200403,-0.45,-0.98,0.82,1.09,1.29,0.48,0.07,-0.4,-0.29,-1.91
200404,-3.96,-5.78,-4.72,-4.36,-3.18,-3.91,-3.08,-3.22,-1.84,-0.99
200405,-0.31,-0.47,1.6,2.05,1.67,2.07,2.1,2,1.99,0.96
200406,1.76,5.43,5.12,5.39,3.37,2.71,2.94,2.13,2.75,1.31
200407,-7.02,-9.68,-6.95,-6.82,-5.78,-5.54,-5.03,-5.24,-3.67,-3.26
200408,-1.46,-1.29,-0.41,-1.86,-0.66,-1.13,-0.72,-0.25,0.44,0.42
200409,3.82,5.19,5.74,5.49,4.5,3.27,3.99,3.21,4.02,0.38
200410,1.37,1.61,2.9,1.59,2.08,2.52,2.19,2.42,3.33,0.88
200411,8.14,9.9,9.4,8.59,7.51,6.19,6.89,6.74,5.69,3.49
200412,6.44,3.24,3.88,2.76,2.63,4.23,5.27,3.85,3.12,3.52
200501,-3.48,-4.62,-4.24,-3.42,-3.9,-2.56,-1.45,-3.54,-1.36,-2.52
200502,0.96,-0.14,2.28,3.06,2.37,2.18,3.47,2.53,3.55,1.68
200503,-4.2,-3.46,-2.67,-2.03,-2.85,-1.51,-0.9,-1.3,-0.22,-1.94
200504,-5.83,-6.58,-6.56,-6.28,-5.49,-4.37,-3.84,-3.92,-3.17,-1.29
200505,4.26,6.57,7.26,7.43,6.46,5.28,6.28,5.56,3.7,2.96
200506,3.99,4.88,4.24,3.73,3.14,2.74,2.82,2.31,2.68,-0.66
200507,7.89,6.51,7.46,6.11,5.85,5.28,5.65,5.41,4.83,3.28
200508,-1.01,-1.63,-1.79,-1.38,-1.62,-0.69,-0.71,-0.74,-1.19,-0.8
200509,1.16,0.11,0.04,1.02,0.58,0.31,1.16,1.2,1.89,0.48
200510,-3.5,-2.78,-2.7,-3.43,-3.35,-2.85,-2.99,-2.66,-2.28,-1.09
200511,3.21,5.43,5.05,4.85,4.89,5.87,4.06,4.63,3.85,3.64
200512,1.1,-0.35,0.46,-0.97,-0.32,1.46,0.96,1.09,0.76,-0.3
200601,8.66,9.87,9.25,8.45,8.4,6.03,5.45,4.55,3.93,1.79
200602,1.23,-0.93,0.01,-0.96,-0.82,-0.42,-0.36,0.19,-0.49,0.23
200603,5.3,4.67,4.78,4.56,4.91,3.06,2.78,2.67,1.58,1.15
200604,0.33,-0.21,1.4,0.38,0.6,0.21,1.87,0.56,1.43,1.17
200605,-5.84,-6.01,-5.09,-5.16,-6.3,-3.28,-4.13,-3.22,-3.54,-2.23
200606,-1.26,-0.44,-0.03,0.24,0.07,-0.43,-0.69,-0.82,0.85,0.13
200607,-3.58,-3.95,-3.8,-3.78,-3.87,-3.51,-4.42,-2.64,-1.01,1.04
200608,2.13,3.36,3.75,2.36,2.44,2.35,1.63,2.46,2.19,2.41
200609,0.85,0.27,1.55,0.78,1.23,0.78,1.98,1.55,1.96,2.74
200610,5.31,6.46,5.78,5.33,4.93,4.51,3.56,4.47,3.45,3.21
200611,2.48,2.11,2.93,2.32,3.87,4.08,4.1,3.75,3,1.44
200612,2.37,1.39,-0.38,0.29,0.22,0.41,0.43,0.13,0.06,1.81
200701,1.56,0.82,2.08,1.56,2.78,2.96,3.59,3.12,2.85,1.25
200702,-0.46,-0.87,-0.33,-0.34,0.42,0.93,0.11,0.02,0.28,-2.7
200703,0.77,0.75,1.02,0.27,2.75,1.56,1.35,0.98,1.05,1.18
200704,1.86,1.14,1.97,2.02,3.35,4.07,3.97,4.47,3.95,4.43
200705,2.25,3.55,3.52,3.95,5.4,5.56,4.27,4.13,3.29,3.45
200706,-0.36,0.02,-1.39,-1.94,-0.95,-0.66,-1.65,-1.87,-1.44,-1.65
200707,-6.07,-7.35,-6.71,-6.04,-4.99,-4.5,-4.52,-4.58,-2.83,-2.66
200708,-1.47,1.3,2.5,1.38,1.55,-0.92,-0.59,0.35,-0.24,2.11
200709,1.73,1,0.99,1.32,2.16,3.22,2.67,2.59,3.65,4.04
200710,1,1.85,1.9,2.86,2.89,2.47,2.15,1.34,2.27,1.97
200711,-8.8,-8.56,-7.54,-6.88,-5.62,-6.35,-5.43,-4.94,-3.65,-3.93
200712,-0.44,-0.68,-0.51,0.55,-1.2,-0.76,-1.74,-0.79,0.69,-0.74
200801,-6.78,-8.55,-7.26,-6.87,-5.57,-6.19,-5.16,-6.04,-6.12,-5.96
200802,-3.28,-5.38,-2.11,-3.84,-3.5,-0.8,-1.79,-2.1,-2.18,-3.17
200803,-2.28,-0.14,0.79,0.82,-0.85,-1.17,-2.61,-0.98,-2.09,-0.16
200804,0.92,2.65,2.62,3.77,6.58,9.12,5.28,6.05,6.39,4.01
200805,3.5,3.76,5.13,6.08,5.48,4.9,4.81,4.21,3.37,0.76
200806,-7.04,-9.84,-8.8,-6.69,-7.35,-6.99,-7.21,-8.75,-6.49,-8.75
200807,2.55,6.13,4.2,3.98,0.74,1.02,-2.32,-2.35,-2.64,-0.71
200808,2.64,4.13,4.41,6.04,3.7,3.28,1.64,2.58,0.19,1.27
200809,-9.39,-7.5,-7.57,-7.18,-10.5,-9.81,-11.8,-12.78,-11.47,-8.07
200810,-20.36,-20.1,-22.37,-20.43,-20.44,-19.34,-22.01,-20.89,-21.26,-14.87
200811,-15.66,-11.3,-12.55,-10.6,-12.31,-8.2,-10.04,-8.92,-10.47,-6.32
200812,2.72,4.84,6.79,5.13,4.13,5,3.94,4.23,2.72,0.62
200901,-7.66,-13.68,-10.23,-11.28,-9.84,-8.16,-5.9,-7.25,-6.93,-8.05
200902,-12.87,-11.93,-12.28,-11.76,-9.93,-9.61,-10.02,-9.04,-9.91,-9.71
200903,9.14,10.33,9.4,10.13,10.51,9.08,10.21,7.83,8.32,8.71
200904,15.02,18,16.35,15.65,17.73,13.7,13.59,13.11,14.96,7.55
200905,8.64,2.42,2.59,3.39,1.52,2.33,3.71,4.66,5.75,5.61
200906,5.25,3.6,2.55,1.34,1.78,-0.04,0.97,0.32,-0.18,0.25
200907,10.18,9.85,11,9.32,10.38,9.46,8.81,8.66,8.35,7.08
200908,7.52,4.3,2.74,4.29,3.84,2.94,4.2,5.26,3.61,2.95
200909,6.49,6.99,7.82,5.75,5.69,6.67,6.27,6.74,4.82,3.14
200910,-8.13,-8.61,-7.94,-7.19,-6.22,-4.97,-4.65,-4.53,-3.16,-1.03
200911,1.75,1.6,3.34,2.46,3.41,4.57,5.15,4.03,4.59,6.37
200912,6.65,9.36,9.63,8.92,7.53,6.97,5.4,6.32,4.21,1.08
201001,-1.21,-4.14,-3.36,-2.49,-3.8,-3.17,-3.53,-3.64,-3.17,-3.44
201002,4.21,6.28,4.26,3.7,5.98,4.81,4.71,5.75,3.9,2.71
201003,7.88,8.4,8.08,8.84,7.63,8.22,7.4,8.07,5.78,5.66
201004,10.46,7.86,5.66,5.15,5.92,3.32,5.39,3.69,2.42,0.65
201005,-8.67,-8.28,-7.6,-8.02,-7.75,-6.97,-7.41,-6.8,-7.31,-8.18
201006,-9.38,-8,-7.86,-8.25,-8.06,-6.54,-6.79,-6.35,-5.03,-5.04
201007,5.45,6.45,7.06,6.64,7.72,6.42,7.11,7.34,7.24,6.86
201008,-8.6,-9.23,-7.84,-6.82,-7.39,-5.4,-5.1,-4.56,-4.43,-4.37
201009,11.21,12.16,12.85,13.55,12.99,12.47,10.32,10.98,10.42,8.55
201010,4.48,5.95,4.23,2.71,4.21,3.99,2.23,4.12,3.65,3.95
201011,2.71,4.75,3.56,3.84,4.2,3.91,2.22,3.29,1.42,-0.55
201012,9.25,8.72,9.19,7.36,8.08,7.02,7.65,6.46,6.61,6.48
201101,0.4,-2.8,0.44,1.05,0.2,2.43,2.57,2.13,1.7,2.47
201102,4.28,4.61,6.49,5.35,5.27,5.9,3.66,4.24,3.96,3.03
201103,1.28,3.55,3.57,2.05,2.86,3.35,2.29,1.92,0.82,-0.37
201104,0.25,2.21,1.5,2.97,3.37,3.66,2.75,2.59,3.32,2.99
201105,-2.71,-2.56,-3.48,-0.93,-1.96,-1.18,-0.84,-0.28,-0.87,-1.4
201106,-2.48,-2.95,-1.9,-0.69,-1.77,-1.52,-2.07,-2.11,-1.51,-1.66
201107,-2.46,-2.79,-4.1,-4.31,-4.74,-3.68,-3.87,-3.38,-3.8,-1.46
201108,-10.64,-10.92,-9.78,-9.4,-7.87,-8.49,-7.74,-7.63,-5.97,-5.08
201109,-11.03,-11.45,-11.08,-11.17,-11.4,-11.46,-10.48,-9.52,-8.63,-6.2
201110,10.2,15.74,15.76,15.72,15.21,15.37,14.5,13.79,11.69,10.2
201111,-2.3,-0.73,-0.5,-0.11,-1.33,0.72,0.16,-0.35,-0.69,-0.15
201112,1.29,0.73,-0.21,0.59,-0.1,-0.21,-0.29,-0.61,-0.91,1.39
201201,8.26,9.19,7.26,6.36,6.33,6.24,6.14,6.27,5.77,4.34
201202,2.72,0.73,3.37,3.46,3.37,4.32,4.72,4.84,4.23,4.57
201203,4.76,2.75,2.12,2.61,2.48,0.4,1.96,1.89,2.38,3.6
201204,-1.11,-2.46,-2.18,-0.97,-1.15,-1.07,-0.64,-0.29,-0.77,-0.77
201205,-5.85,-8,-7.01,-6.09,-6.22,-7.43,-7.6,-7.77,-6.46,-5.71
201206,6.03,5.91,5.93,4.44,4.12,2.75,1.72,2.1,2.78,4.34
201207,-1.84,-2.34,-1.99,-1.56,-1.93,-0.18,-0.35,-1.09,0.66,1.51
201208,2.53,2.9,3.45,2.21,4.83,3.5,4.3,3.6,2.93,2.13
201209,4.73,4.17,5.51,3.34,2.28,2.96,1.86,2.44,2.04,2.81
201210,-2.98,-3.71,-2.69,-3,0.22,-1.84,-0.84,0.04,-1.55,-1.98
201211,-0.82,1.6,0.76,0.25,1.72,2.95,2.34,1.44,1.27,0.36
201212,1.74,4.92,3.94,3.35,2.92,2.91,1.79,2.93,1.95,0.39
201301,7.13,4.6,6.58,6.51,6.65,6.61,8.36,7.05,6.84,4.86
201302,0.81,0.64,1.61,1.14,1,1.42,1.85,0.92,1.68,1.25
201303,5.38,5.36,4.5,4.54,4.57,5.14,4.67,4.74,4.23,3.72
201304,0.57,-0.08,-1.17,-0.54,-0.68,-0.59,0.6,1.09,1.45,1.99
201305,4.54,6.44,6.47,4.98,4.87,4.48,4.98,2.26,2.42,2.53
201306,1.47,-0.18,1.23,-0.13,-0.73,-0.89,-1.72,-1.68,-0.52,-1.5
201307,7.9,8.35,7.73,6.31,7.5,7.64,6.77,6.47,5.68,5.18
201308,-2.68,-2.97,-3.05,-2.24,-3.39,-2.14,-2.7,-2.04,-2.51,-2.85
201309,6.65,7.51,6.58,6.25,5.26,5.95,5.82,4.84,4.2,2.97
201310,1.8,1.44,2.86,1.5,3.63,3.75,3.21,3.25,3.64,4.75
201311,5.37,6.3,3.88,4.56,3.42,3.37,1.94,1.85,2.32,3.4
201312,2.63,1.51,2.61,1.99,2.51,3.12,3.42,2.88,3.09,2.52
201401,0.59,-2.97,-2.38,-3.67,-2.95,-1.93,-2.25,-3.29,-2.3,-3.88
201402,4.38,4.95,4.87,4.67,4.65,6.12,5.12,6.12,6.12,4.1
201403,-0.96,0.15,-0.16,-0.64,-0.87,-1.04,-0.45,0.01,-0.31,1.07
201404,-5.65,-5.6,-4.23,-3.87,-2.98,-2.36,-1.33,-1.46,-0.08,0.92
201405,-0.71,-0.99,-0.18,0.68,1.35,1.47,1.34,2.66,2.36,2.19
201406,4.72,6.11,6.16,6.34,4.82,5.27,4.61,3.71,2.86,1.64
201407,-6.09,-7.29,-6.88,-5.13,-6.01,-5.27,-4.3,-2.67,-2.21,-1.1
201408,3.78,3.63,5.15,5.15,4.61,5.51,5.33,5.23,4.61,3.84
201409,-4.9,-7.08,-5.51,-5.18,-5.49,-5.34,-4.37,-3.47,-2.32,-0.96
201410,3.33,6.73,6.55,6.21,5.27,4.02,1.26,3.29,2.85,1.98
201411,-1.04,-1,0.52,-0.12,1.7,1.16,1.14,3.09,2.59,2.9
201412,4.68,5.85,3.61,1.43,1.57,0.41,-0.2,0.79,0.02,-0.57
201501,-3.64,-5.46,-3.98,-3.98,-4.16,-1.78,-2.05,-1.3,-2.36,-3.47
201502,4.58,6.52,7.52,5.74,7.27,7.63,6.83,7.34,5.89,5.94
201503,1.52,1.38,1.87,1.96,1.37,0.92,0.8,0.28,-0.82,-1.99
201504,-1.82,-2.82,-2.31,-2.09,-1.81,-1.5,-0.05,-1.03,-0.16,1.52
201505,1.69,3.01,2.65,2.81,1.9,3.25,0.86,2.22,0.86,1.2
201506,1.1,4.21,1.9,-0.28,0.66,-0.87,-1.54,-1.02,-2.34,-1.81
201507,-4.92,-5.55,-2.19,-1.62,-2.26,-1.6,0.98,0.66,0.12,2.63
201508,-3.92,-5.39,-5.61,-6.85,-6.23,-4.58,-6.43,-5.51,-5.02,-6.37
201509,-5.96,-7.18,-5.8,-6.19,-5.4,-5.6,-4.33,-4.82,-2.97,-2.5
201510,3.82,6.4,5.86,4.86,6.55,5.65,5.51,6.9,6.31,8.69
201511,2.71,3.65,4.53,4.96,3.23,0.71,0.96,1.12,-0.24,0.37
201512,-4.07,-5.49,-5.29,-4.55,-6.01,-4.83,-3.91,-3.65,-2.75,-1.37
201601,-9.66,-10.47,-10.94,-9.9,-8.78,-7.99,-7.2,-8.59,-5.35,-5.12
201602,-0.68,-0.55,0.43,0.39,1.15,1.91,1.32,0.6,1.27,-0.5
201603,5.16,7.79,7.75,8.41,8.99,7.7,8.13,8.44,7.59,6.24
201604,4.46,2.81,3.35,1.42,1.76,1.65,1.6,1.87,1.02,0.35
201605,-0.11,0,2.81,1.81,0.53,1.73,2.34,3.01,1.11,1.78
201606,-0.21,-0.63,0.83,-1.1,0.66,-1.49,-0.69,-1.51,1.37,-0.18
201607,4.43,6.23,6.83,6.58,6.04,5.49,4.28,4.67,4.46,3.5
201608,3.27,4.06,0.77,3.43,1.82,1.59,-0.09,2.06,-0.38,0.27
201609,4.82,3.62,2.8,1.79,0.48,0.57,0.24,-0.03,1,-0.04
201610,-6.81,-6,-5.28,-7.01,-4.35,-3.74,-3.13,-1.55,-2.95,-1.38
201611,9.74,14.63,12.51,12.75,11.3,9.23,8.88,5.72,5.99,3.24
201612,3.22,5.27,2.58,1.09,1.73,1.39,1.05,0.27,1.31,2.15
201701,-0.22,-0.39,-0.24,1.26,1.39,1.2,2.57,2.8,3.25,1.81
201702,1.03,0.63,2.67,1.46,1.34,2.16,2.6,3.55,2.72,4.27
201703,2.26,-0.58,-0.02,0.73,0.28,-0.41,0.39,-0.24,0,0.23
201704,0.04,0.81,1.92,1.17,0.7,0.44,0.62,1.13,1.08,1.25
201705,-2.09,-2.74,-2.33,-2.53,-2.08,-1.11,-0.3,0.52,2.11,1.45
201706,4.69,6.07,4.54,3.27,2.11,2.57,1.88,1.62,0.09,0.6
201707,-1.26,-1,0.49,1.05,1.5,1.05,1.65,1.33,1.84,2.17
201708,-1.67,-1.21,-1.31,-2.55,-1.57,-0.98,-0.36,-0.19,-1.43,0.79
201709,9.07,8.31,7.44,7.59,6.54,4.22,4.12,3.37,2.48,1.81
201710,-0.97,0.09,0.17,0.25,0.37,2.21,2.44,1.83,1.56,2.63
,,,,,,,,,,
,,,,,,,,,,
  Equal Weight Returns -- Monthly,,,,,,,,,,
,Lo 10,2-Dec,3-Dec,4-Dec,5-Dec,6-Dec,7-Dec,8-Dec,9-Dec,Hi 10
196701,23.23,17.3,19.56,18.41,13.94,14.77,11.77,9.93,8.8,7.61
196702,8.23,4.79,2.76,2.96,1.95,1.15,1.58,0.48,1.05,-0.03
196703,6.47,6.66,6.66,6.54,5.58,5.56,5.26,5.1,4.29,3.91
196704,4.8,4.14,3.46,3.53,4.02,3.95,3.84,4.64,2.73,3.75
196705,0.96,-0.13,-1.51,-1.22,-2.18,-0.82,-0.77,-2.25,-3.8,-4.28
196706,13.32,9.91,6.87,8.23,5.1,4.72,4.08,3.54,2.08,1.23
196707,11.13,8.95,8.78,7.52,6.72,5.94,5.27,6,5.17,5.12
196708,2.21,-0.05,0.62,-0.97,0.17,0.02,0.5,-0.61,-0.25,-0.7
196709,9.92,7.44,5.69,4.93,3.28,4.09,4.5,1.33,2.42,2.09
196710,0.25,-2.45,-3.24,-1.73,-3.69,-2.88,-4.07,-4.96,-5.05,-3.76
196711,-1.58,1.18,0.66,1.08,1.34,0.57,1.86,0.85,0.76,0.73
196712,11.44,9.67,9.39,8.64,7.09,6.22,3.81,2.79,3.01,3.16
196801,8.89,1.52,1.06,-0.66,-0.49,-2.65,-2.43,-3.39,-2.3,-5.52
196802,-7.13,-5.67,-5.44,-6.09,-3.94,-4.41,-4.67,-4.32,-3.26,-2.44
196803,-1.97,-0.95,-1.55,-1.33,-1.15,0.66,0.45,-0.35,-0.29,1
196804,17.1,16.52,14.8,14.36,12.71,12.7,10.46,10.44,9.44,8.39
196805,15.78,8.59,9.04,6.99,5.73,6.31,5.22,3.85,2.41,1.28
196806,2.31,0.04,0.22,0.87,2.31,0.18,2.55,2.07,2.44,1.74
196807,-1.53,-3.63,-1.71,-5.08,-2.71,-4.89,-5.45,-2.58,-2.31,-2.79
196808,4.87,4.33,3.85,2.82,3.91,2.64,1.22,2.73,1.43,1.43
196809,8.01,6.68,6.97,7.03,7.19,4.98,7.1,6.99,5.41,3.56
196810,0.39,0.23,1.2,0.05,1.75,1.3,1.21,0.7,1.55,0.91
196811,6.53,7.18,8.32,8.66,8.28,8.12,8.14,7.11,6.6,6.04
196812,4.21,1.51,-0.95,-1.12,-1.56,-2.45,-2.86,-3.38,-2.67,-3.1
196901,0.35,-0.61,-0.59,-0.47,-0.91,-1.93,-2.07,0.49,0.05,-0.88
196902,-10.57,-9.31,-8.2,-8.35,-7.9,-7.56,-7.59,-6.95,-5.62,-4.87
196903,2.08,2.35,1.8,1.65,1.83,1.45,1.39,2.17,0.94,3.19
196904,-0.69,0.44,0.77,0.79,0.84,0.65,1.49,0.61,2.04,1.91
196905,1.75,0.36,-0.45,-1.78,0.07,-0.41,0.04,-0.32,-0.93,0.56
196906,-13.58,-13.19,-11.37,-11.13,-11.22,-10.41,-9.51,-7.53,-6.62,-6.71
196907,-11.62,-11.31,-9.75,-8.85,-8.48,-8.26,-7.25,-6.9,-6.27,-5.79
196908,4.07,5.73,6.24,5.12,8.3,6.67,5.26,6.43,4.08,5.56
196909,-3.75,-3.5,-1.14,-0.13,-1.04,-1.14,-1.61,-2.11,-1.1,-3.03
196910,11.81,9.8,9.08,9.18,7.36,7.58,7.84,6.89,6.99,5.42
196911,-7.31,-6.69,-4.87,-4.24,-5.46,-4.54,-4.07,-3.8,-3.46,-3.32
196912,-10.71,-7.31,-7.84,-5.47,-3.7,-4.18,-1.96,-2.14,-2.69,-1.56
197001,0.24,-5.21,-5.34,-4.45,-6.91,-6.85,-7.02,-8.37,-6.1,-8.63
197002,2.78,3.82,3.91,3.68,3.87,4.87,4.38,6.81,7.86,7.02
197003,-3.63,-3.2,-2.3,-2.98,-1.49,-0.78,-0.18,-0.67,-0.26,-1.01
197004,-19.08,-17.02,-17.39,-17.04,-15.04,-14.78,-13.36,-11.78,-10.84,-9.29
197005,-8.84,-9.51,-9.05,-11.13,-10.41,-10.08,-9.75,-8.92,-6.9,-6.03
197006,-8.38,-9.62,-8.38,-9.5,-6.33,-7.37,-6.13,-4.58,-5.33,-5.03
197007,3.41,5.85,7.25,7.26,8.52,6.77,8.39,8.69,7.33,7.28
197008,6.03,6.7,8.19,6.81,5.92,7.43,5.57,6.26,5.69,3.73
197009,17.81,14.29,14.96,12.23,9.17,10.21,7.58,6.74,4.37,3.01
197010,-8.72,-6.48,-6.32,-4.1,-4.77,-4.14,-3.93,-3.36,-2.1,-1.49
197011,-4.61,-0.57,1.64,2.88,3.41,3.97,4.66,5.23,6.35,4.79
197012,8.25,9.59,8.05,9.14,8.58,8.63,9.07,8.31,6.79,6.23
197101,21.1,13.3,13.72,10.41,10,7.78,7.35,7.58,5.26,4.07
197102,8.24,5.01,2.14,3.94,2.75,2.69,1.8,2.53,1,1.39
197103,6.12,5.67,5.15,5.24,7.13,5.56,4.83,5.01,3.3,4.15
197104,1.51,2.72,3.12,3.28,4.3,4.16,3.75,3.44,2.92,3.13
197105,-6.59,-5.04,-5.66,-4.5,-4.43,-3.74,-2.56,-4.09,-2.73,-3.44
197106,-3.56,-1.81,-2.76,0.28,-1.35,-1.63,-0.08,0.61,0.56,0.76
197107,-6.76,-6.5,-5.54,-5.37,-3.68,-5.75,-4.13,-4.73,-3.69,-3.92
197108,2.79,5.28,5.66,5.01,4.08,6.67,5.93,4.9,3.94,4.32
197109,-0.46,-0.12,-1.4,-0.59,-0.65,-0.22,-0.84,-0.38,-0.92,-1.11
197110,-6.85,-6.11,-5.53,-4.56,-5.93,-6.62,-4.45,-3.96,-5.58,-3.83
197111,-5.59,-3.73,-3.76,-1.32,-1.93,-2.15,-1.35,-1.49,-1.02,0.5
197112,12.44,12.7,14.45,12.32,10.82,12.46,11.51,10.12,10.15,8.37
197201,18.17,11.69,8.34,7.46,5.82,4.99,3.92,2.66,1.99,1.47
197202,5.61,3.32,3.81,4.06,2.28,3.96,3.48,1.97,3.31,3.31
197203,-0.87,-0.67,0.34,0.23,0.78,1.37,0.81,1.15,-0.27,0.23
197204,-0.11,-0.65,1.3,0.14,0.44,-0.38,0.7,-0.6,1.04,0.74
197205,-3.41,-2.19,-3.75,-1.25,-1.71,-0.9,0.77,-0.76,0.34,1.84
197206,-4.01,-3.31,-2.7,-2.55,-3.55,-2.94,-2.83,-3.81,-3.57,-2
197207,-3.37,-4.98,-3.53,-4.12,-2.17,-2.5,-2.87,-2.56,-2.01,-0.31
197208,-0.48,-0.18,0.43,1.3,2.67,2.52,2.41,3.92,4.84,4.49
197209,-4.11,-4.14,-3.58,-2.82,-1.6,-2.35,-3.44,-1.39,-2.04,-1.02
197210,-3.21,-2.25,-1.1,-0.3,-0.87,-0.47,-0.96,0.27,0.81,2.46
197211,3.39,5.44,6,6.29,5.98,5.49,7.68,7.79,6.9,5.04
197212,-3.83,-2.06,-2.73,-1.65,-0.21,-0.48,-1.12,-0.92,-1.32,1.35
197301,-1.07,-5.45,-5.33,-7.02,-6.5,-6.5,-6.26,-5.65,-7.26,-2.76
197302,-7.76,-9.06,-8.45,-8.31,-8.2,-7.85,-6.3,-6.19,-4.43,-3.8
197303,-2.84,-3.19,-3.17,-2.94,-3.61,-3.27,-2.82,-2.73,-1.56,-0.23
197304,-7.35,-8.29,-7.44,-8.86,-6.96,-7.51,-8.1,-6.44,-5.77,-4.66
197305,-10.47,-9.58,-9.92,-8.57,-7.48,-7.34,-6.66,-5.52,-3.68,-1.42
197306,-3.35,-4.05,-3.24,-4.08,-4.18,-2.51,-3.99,-2.96,-3.63,-1.05
197307,11.26,12.87,13.36,11.82,9.92,9.27,9.55,9.81,7.33,5.79
197308,-5.36,-4.79,-4.9,-4.37,-3.23,-3.28,-1.57,-2.5,-1.65,-2.4
197309,5.63,9.48,9.6,9.58,9.82,9.96,10.75,10.04,9.24,5.9
197310,-0.05,-1.07,-0.79,-0.3,-0.85,0.7,-0.46,-0.78,-2.08,0
197311,-18.53,-18.22,-17.8,-17.69,-16.13,-16.93,-16.83,-15.4,-12.51,-11.4
197312,-6.63,-3.27,-2.82,-1.67,-1.3,-0.08,0.49,2.7,1.03,1.89
197401,17.32,12.99,12.44,9.64,7.72,8.11,4.69,4.04,2.78,-0.67
197402,1.09,-0.32,0.9,1.04,0.18,-0.57,-0.37,0.94,0.3,1.06
197403,2.63,0.12,-0.46,0.07,-1.38,-0.91,-2.3,-2.45,-2.93,-2.74
197404,-4.72,-5.86,-6.54,-5.44,-5.75,-6.63,-7.02,-6.63,-6.39,-4.57
197405,-6.69,-7.62,-8.18,-7.55,-8.26,-8.49,-7.88,-6.13,-5.89,-3.02
197406,-2.71,-3.31,-2.99,-2.95,-3.62,-4.55,-3.6,-3.8,-3.73,-2.78
197407,-5.47,-5.72,-4.97,-4.69,-4.28,-3.15,-5.22,-4.66,-5.94,-7.96
197408,-7.54,-8.35,-8.48,-7.9,-8.63,-8.39,-9.61,-9.71,-10.06,-10.14
197409,-7.38,-8.21,-8.43,-7.87,-8.51,-8.14,-8.66,-8.26,-7.86,-11.6
197410,5.72,10.61,10.56,9.99,10.16,12.68,15.84,15.06,19.01,20.97
197411,-5.73,-5.2,-4.19,-4.52,-4.06,-4.53,-3.11,-1.97,-2.68,-3.22
197412,-9.85,-7.1,-7.22,-5.63,-5.48,-4.15,-5.7,-3.74,-1.93,-2.81
197501,32.03,32.39,29.88,26.41,27.54,23.02,24.8,21.16,17.59,12.86
197502,6.57,4.54,5.9,3.62,4.26,4.79,4.21,4.85,5.37,6.13
197503,9.91,8.91,6.87,6.39,6.58,5.55,6.47,5.36,3.21,4.14
197504,2.87,3.5,2.79,3.35,4.54,4.53,4.6,4.64,4.71,5.31
197505,8.12,7.88,7.31,7.38,5.95,5.62,7.51,5.93,5.2,6.1
197506,7.78,7.07,7.73,6.71,6.56,5.73,6.36,7.45,7.46,5.24
197507,2.18,-2.25,-3.65,-2.85,-3.84,-4.37,-4.57,-6.82,-5.82,-7.03
197508,-5.24,-5.92,-5.46,-4.42,-3.7,-3.92,-3.72,-3.34,-2.14,-1.77
197509,-3.51,-3.63,-3.36,-4.09,-3.7,-4.21,-4.06,-4.1,-3.28,-4.68
197510,-0.09,2.24,2.55,2.73,1.82,3.8,5.41,6.06,5.69,6.2
197511,1.3,1.84,2.82,2.06,1.75,3.58,3.59,4.29,2.65,3.23
197512,-0.43,0.04,-1.27,-0.82,0.08,0.37,0.06,-1.02,-0.09,-1.59
197601,20.37,19.72,19.25,18.02,17.26,16.77,15.61,14.37,13.27,11.47
197602,16.07,9.71,8.67,8.37,6.1,6.06,4.07,2.64,1.35,-1.85
197603,2.86,1.49,0.63,1.67,1.49,1.16,1.97,1.61,0.89,2.68
197604,-0.1,-1.23,-0.99,-1.33,-0.17,-0.93,-1.23,-1.33,-0.84,-1.13
197605,-2.44,-1.9,-1.35,-1.91,-0.53,-1.55,-1.09,-1.84,-0.48,-0.68
197606,1.73,2.85,2.75,3.7,4.9,5.8,4.67,5.65,5.33,5.37
197607,0.43,0.4,0.39,0.62,0.2,-0.45,-0.25,-0.19,-0.7,-0.66
197608,-1.76,-1.06,-2.76,-1.64,-1.6,-1.93,-0.63,-0.88,-0.14,-0.22
197609,0.7,2.47,2.53,3.43,2.62,2.42,1.94,2.22,2.29,2.34
197610,-2.11,-1.82,-2.24,-1.99,-1.66,-2.07,-2.54,-1.39,-2.81,-2.54
197611,1.81,4.22,4.28,3.57,3.83,4.27,3.27,3.03,2.3,-0.76
197612,10.98,9.52,10.71,9.7,9.77,7.62,8.22,7.39,7.1,5.42
197701,6.9,3.24,2,1.14,0.25,-0.75,-2.11,-2.88,-4.36,-5.89
197702,1.67,-0.43,-1.19,-0.32,-1.24,-2.52,-1.59,-2.38,-2.3,-1.65
197703,1.7,0.8,-0.14,0.44,0.66,0.68,0.06,0.12,-0.03,-1.47
197704,2.08,1.42,1.99,1.52,1.23,1.93,1.43,1.53,1.99,-0.29
197705,1.04,-0.05,-0.41,-0.1,0.2,-0.49,-0.84,-0.89,-0.22,-1.84
197706,4.92,6.07,5.84,6.85,6.79,5.68,5.07,5.65,4.2,5.32
197707,2.6,0.69,0.14,-0.36,-0.31,-0.7,-1.3,-1.92,-2.19,-1.37
197708,0.24,-0.87,-0.29,-0.99,-0.56,-0.18,-1.93,-1.71,-2.44,-1.36
197709,2.06,1.04,0.7,0.39,1.91,0.47,-0.06,0.92,-0.19,-0.67
197710,-1.79,-2.51,-2.27,-2.47,-2.36,-3.15,-2.64,-4.11,-3.75,-4.67
197711,7.13,8.5,8.44,7.71,6.91,7.17,6.78,6.7,4.39,4.26
197712,2.69,2.8,1.83,1.41,1.51,0.97,1.23,0.12,0.66,0.01
197801,0.93,-1.7,-2.57,-3.61,-3.96,-4.24,-5.38,-5.29,-5.35,-6.49
197802,3.96,2.97,1.2,1.41,1.98,0.57,0.69,-1.49,-1.91,-1.8
197803,7.66,6.97,6.71,6.34,5.03,5.62,5.27,4.72,4.61,2.86
197804,8.37,8.2,7.7,7.64,7.1,7.57,7.06,7.17,7.73,9.39
197805,8.93,5.55,6,5.16,4.99,4.5,3.76,3.29,2.78,2.11
197806,1.92,0.72,-0.47,0.3,0.09,-0.11,0.05,-0.89,-1.16,-1.47
197807,4.55,5.82,6.01,7,5.2,4.88,6.09,6.93,5.13,6
197808,12,7.07,8.09,8.43,6.95,7.15,5.37,4.95,3.72,2.66
197809,1.85,-0.79,-1.05,-1.02,-0.7,-1.46,-1.8,-0.57,-0.66,-1.32
197810,-19.22,-20.61,-19.67,-18.45,-17.7,-16.02,-14.61,-12.81,-11.76,-8.74
197811,3.14,6.95,7.22,6.43,6.1,4.18,3.86,3.18,3.3,2.83
197812,1.11,1.77,1.55,2.7,2.35,1.86,1.14,1.24,0.42,1.35
197901,10.59,9.92,9.45,8.18,7.41,8.2,6.04,6.5,5.45,4.23
197902,-1.06,-2.68,-2.13,-2.94,-1.98,-3.21,-2.98,-3.86,-2.67,-3.54
197903,7.77,8.6,9.77,8.84,9.83,9.34,7.62,8.48,7.29,5.06
197904,3.68,2.58,1.13,3.21,2.08,1.27,2.14,0.93,-0.29,-0.03
197905,0.2,-1.41,-1.2,-1.28,-1.62,-1.85,-1.04,-0.73,0.18,-1.74
197906,5.21,5.4,6.65,5.94,5.79,4.51,5.64,6.57,6.02,4.82
197907,1.72,3.05,2.77,3.32,3.05,4.05,3.35,2.06,2.73,1.34
197908,7.55,7.9,7.87,7.74,8.08,6.58,7.61,7.07,6.22,6.27
197909,-0.14,-0.22,-1.04,-0.06,0.42,-1.39,0.47,-1.33,-0.08,0.32
197910,-9.5,-11.08,-11.56,-10.41,-9.69,-8.97,-8.85,-8.5,-8.11,-6.6
197911,5.35,8.25,8.56,7.97,8.98,7.38,8.01,7.08,6.59,5.95
197912,8.19,6.32,5.92,5.9,5.04,3.51,4.19,2.78,3.61,2.37
198001,13.18,8.19,7.29,6.29,6.75,6.09,5.61,5.13,5.39,4.83
198002,0.49,-1.9,-1.64,-3.39,-2.99,-3.63,-3.1,-3.05,-3.35,-1.71
198003,-17.51,-17.42,-17.21,-15.69,-16.19,-13.89,-12.84,-11.44,-9.09,-7.48
198004,4,7.12,6.27,6,6.57,8.03,5.94,7.48,5.68,4.58
198005,6.44,7.71,8.23,9.59,8.68,8.13,9.38,8.03,6.23,6.47
198006,4.2,4.59,4.28,4.87,5.29,4.1,4.05,4.8,3.81,2.47
198007,9.03,10.67,10.6,11.03,9.18,9.16,9.1,6.86,8.33,6.91
198008,8.32,7.14,6.2,5.58,4.08,4.48,3.75,1.53,2.37,1.21
198009,6.54,3.76,3.31,2.82,3.34,3.08,2.94,2.85,3.39,2.75
198010,6.24,3.41,3.35,2.95,2.86,1.42,0.53,0.65,1.54,0.37
198011,6.27,6.68,7.18,7.61,5.01,6.9,8.65,6.29,8.11,10.08
198012,-3.94,-3.89,-3.36,-1.71,-1.5,-2.65,-1.93,-1.17,-1.19,-0.31
198101,2.2,0.22,-0.03,-0.56,-0.42,-0.68,-1.54,-1.9,-2.8,-4.58
198102,-0.14,-0.14,0.93,2.4,1.91,2.02,1.73,2.67,1.38,1.99
198103,7.16,7.48,7.95,7.55,7.26,8.66,8.57,8.15,7.55,4.32
198104,4.05,3.61,2.13,3.28,2.22,2.17,0.34,-0.11,-0.52,-1.67
198105,3.25,2.53,2.58,2.68,2.08,2.66,2.19,1.72,1.51,0.8
198106,0.05,-0.88,-1.46,-1.97,-0.77,-1.12,-1.01,-0.48,-1.49,-0.14
198107,-2.1,-3.15,-1.99,-2.16,-1.46,-2.07,-1.74,-0.74,-1.04,0.23
198108,-7.97,-8.28,-7.64,-7.29,-5.9,-6.88,-5.64,-4.9,-5.87,-5.42
198109,-10.29,-8.78,-8.3,-6.64,-7.17,-5.29,-6.25,-6.58,-5.38,-5.61
198110,6.49,8.84,8.29,8.48,7.57,7.37,6.19,6.39,7.47,6.86
198111,0.31,3.24,3.76,3.97,3.67,2.17,4.9,5.15,4.01,4.66
198112,-2.08,-1.65,-1.56,-1.98,-1.54,-2.17,-1.89,-2.89,-2.33,-3.52
198201,-0.52,-2.33,-2.68,-4.13,-4.53,-3.39,-4.5,-3.36,-3.11,-1.93
198202,-4.44,-5.13,-5.15,-4.71,-5.02,-3.61,-4.56,-3.55,-4.87,-5.58
198203,-1.03,-1.33,-1.04,-1.52,-0.61,-0.6,-0.87,-1.44,-1.22,-1.4
198204,5.35,5.88,5.33,6.27,5.59,5.18,4.48,5.54,4.89,4.5
198205,-1.74,-2.21,-2.51,-3.94,-3.04,-2.75,-4.2,-4.14,-4.68,-4.06
198206,-3.39,-4.23,-3.63,-2.47,-4.19,-2.69,-2.64,-2.47,-3.65,-1.67
198207,-1.48,-2.06,-1.95,-0.19,-1.49,-1.92,-2.14,-3.4,-3.38,-1.93
198208,3.62,7.04,7.62,8.65,11.06,11.31,11.8,13.1,12.33,13.54
198209,2.96,4.1,4.23,3.98,4.49,3.33,2.42,3.42,1.58,0.58
198210,12.28,15.31,14.66,13.17,13.49,14.16,15.24,13.23,11.84,12.51
198211,11.26,7.49,7.82,8.43,8.33,7.4,7.19,5.31,4.6,3.67
198212,3.08,1.68,1.07,0.53,0.56,0.66,0.85,2.44,1.53,0.82
198301,15.33,8.59,6.14,7.13,5.4,4.53,3.31,3.54,3.09,3.08
198302,6.26,4.86,5.49,4.9,5.12,4.43,4.25,2.48,2.72,3.46
198303,6.18,4.03,4.31,3.47,4.98,4.09,3.59,3.07,3.83,3.94
198304,8.66,7.94,7.77,8.69,6.56,6.12,6.34,6.1,6.28,6.63
198305,12.25,9.11,7.04,5.46,4.53,4.64,4.65,3.9,3.16,-0.27
198306,5.76,3.24,4.38,4.33,4.52,2.86,4.13,2.68,3.2,2.96
198307,-1.24,-1.98,-2.05,-3.78,-2.44,-3.31,-3.5,-3.11,-3.37,-4.07
198308,-3.46,-2.71,-3.62,-2.84,-3.34,-2.28,-0.9,0.42,-0.25,1.61
198309,-1.3,0.56,2.59,2.38,2.34,3.83,3.47,2.03,2.21,1.46
198310,-6.08,-6.51,-6.26,-7.05,-6.05,-4.71,-4.35,-3.73,-2.74,-1.25
198311,1.57,4.17,4.13,6.49,4.99,5.35,4.6,5.53,2.81,2.67
198312,-2.64,-1.89,-1.07,-2.12,-1.9,-1.71,-1.89,-2.17,-1.28,-0.4
198401,2.22,-0.91,-1.62,-1.61,-2.96,-4.23,-3.3,-3.75,-1.38,-0.88
198402,-5.65,-5.88,-5.51,-5.16,-5.72,-6.19,-5.85,-4.6,-5.02,-3.91
198403,0.49,0.68,0.47,0.42,1.15,0.81,1.8,1.39,2.25,1.59
198404,-3.05,-1.43,-0.74,-0.28,-0.47,-0.28,-0.86,-2.61,-0.99,1.42
198405,-4.68,-5.06,-5.23,-5.88,-5.8,-5.23,-4.69,-5.41,-5.29,-5.4
198406,0.29,2.51,2.38,3.01,3.87,2.91,3.09,3.13,2.64,3.02
198407,-5.59,-4.06,-4.8,-3.57,-3.61,-2.86,-3.98,-3.13,-1.55,-1.05
198408,6.73,10.77,12.9,11.67,13.3,12.82,11.78,12.96,11.55,11.22
198409,-0.09,-0.37,-0.59,-0.46,0.37,0.15,-0.05,1.07,0.71,-0.92
198410,-3.23,-1.87,-1.31,-0.72,-0.18,-1.33,-1.17,0.98,1.07,0.86
198411,-4.53,-2.18,-2.65,-1.82,-0.63,-0.6,-1.3,-0.73,-0.01,-1.07
198412,-0.48,1.45,2.26,2.03,2.87,2.57,2.39,2.91,3.21,2.51
198501,13.09,13.19,14.03,11.91,11.09,11.15,11.35,9.37,7.32,7.66
198502,6.66,2.72,2.36,2.82,1.41,0.61,1.42,1.88,1.99,1.9
198503,-0.84,-1.54,-2.38,-1.91,-1.02,-1.51,-0.17,-0.34,1.08,0.9
198504,-1.64,-0.62,-1.76,-0.58,-0.21,-0.67,-1.42,-0.56,-0.38,-0.58
198505,1.03,2.23,3.91,3.57,4.42,4.32,4.91,6.02,6.96,7.21
198506,0.08,1.04,1.25,2.68,1.71,2.15,1.41,2.03,2.23,2.08
198507,2.07,2.83,3.02,2.69,1.74,1.68,0.46,-0.42,-1.62,-0.7
198508,-0.35,-0.52,-0.68,-0.17,-0.95,-0.72,-0.2,-0.45,-0.38,-0.01
198509,-6.23,-5.24,-5.8,-5.77,-5.35,-4.46,-5.44,-4.97,-4.55,-3.05
198510,-0.02,3.45,4.26,4.26,4.3,3.81,4.81,5.69,6.72,4.54
198511,4.01,6.95,7.61,7.94,7.82,6.61,7.97,6.45,7.21,7.26
198512,1.9,4.53,5.14,3.82,4.7,3.89,3.96,4.24,4.07,4.63
198601,6.33,2.48,0.74,1.23,1.99,2.21,1.33,1.59,2.64,0.95
198602,5.36,6.59,7.77,6.97,7.8,6.69,7.31,7.84,8.83,8.54
198603,4.47,5.79,4.46,5.09,4.34,6.57,6.39,4.12,4.64,6.02
198604,2.2,1.43,0.81,1.51,1.72,0.71,-0.99,-0.66,-2.38,-1.72
198605,3.25,3.98,3,4.4,4.37,5.08,5.04,5,5.58,5.78
198606,1.12,0.05,0.2,1.06,-0.2,0.79,0.62,0.99,1.28,1.81
198607,-7.37,-8.53,-9.53,-8.19,-9.23,-7.32,-6.4,-6.72,-5.3,-4.53
198608,-0.16,1.39,3.16,4.45,4.11,6.75,6.99,7.81,7.25,7.05
198609,-5.9,-6.92,-6.38,-6.77,-6.46,-6.39,-6.6,-7.52,-8.21,-9.74
198610,1.21,2.56,4.16,4.17,3.49,3.22,5.34,6.21,6.48,7.09
198611,-1.53,-0.53,-0.27,-0.53,0.11,-0.3,0.77,0.88,1.47,1.75
198612,-4.42,-3.51,-2.63,-2.52,-2.38,-2.25,-2.89,-3.54,-3.54,-2.58
198701,11.85,11.34,11.85,11.68,11.42,11.78,13.18,12.74,12.47,13.5
198702,7.96,8.33,7.1,8.26,7.16,6.7,5.9,5.88,4.89,4.41
198703,4.62,1.57,2.31,1.23,1.69,1,1.15,0.89,1.05,1.43
198704,-1.1,-2.62,-2.46,-4.05,-3.83,-2.78,-1.78,-3.66,-2.71,-2.2
198705,0.68,-0.93,-0.09,-1.12,0.14,-0.05,0.61,0.57,0.08,1.01
198706,1.95,1.11,2.49,3.43,3.34,4.2,3.9,4.29,5.49,5.43
198707,3.04,2.45,2.93,3.5,3.97,4.64,4.48,5.13,4.76,4.68
198708,0.34,2.39,3.9,3.6,4.47,2.48,4.18,3.32,3.45,4.01
198709,-1.19,-2.65,-2.32,-2.06,-2.23,-2.37,-1.15,-2.18,-2.6,-1.52
198710,-27.69,-30.3,-28.82,-29.41,-28.15,-25.93,-25.9,-23.97,-22.2,-20.33
198711,-5.4,-6.05,-4.94,-5.61,-4.49,-4.15,-4.52,-6.09,-6.78,-8.83
198712,-0.64,6.35,7.21,8.87,9.24,8.82,9.33,8.06,8.68,7.69
198801,10,6.23,5.89,4.51,4.4,5.56,3.76,4.98,6.32,5.51
198802,5.5,7.25,7.29,10.09,8.96,8.12,8.02,8.5,5.62,4.41
198803,4.48,4.78,3.59,3.59,2.23,1.11,0.74,0.64,-1.83,-3.79
198804,1.24,2.15,2.1,2.4,0.91,0.68,-0.01,0.33,0.57,0.03
198805,-1.7,-2.56,-3.21,-2.89,-1.75,0.19,-0.68,0.16,-0.15,1.24
198806,3.93,5.3,7.59,7.06,6.71,6.38,7.95,6.8,5.88,4.77
198807,0.72,-0.44,-0.33,-0.99,-1.34,-2.25,-2.02,-1.68,-1.73,-0.25
198808,-2.1,-2.45,-2.14,-3.38,-3.07,-2.01,-1.68,-1.82,-2.81,-2.41
198809,1.25,2.28,3.28,2.5,2.85,2.38,3.86,2.85,4.95,4.81
198810,-2.13,-1.66,-0.54,-1.19,0.04,-0.05,0.33,0.28,1.39,2.99
198811,-4.94,-3.79,-3.38,-2.57,-2.28,-2.56,-1.76,-2.45,-2.73,-1.5
198812,1.3,2.53,4.91,3.5,3.97,3.64,2.14,2.52,2.02,2.03
198901,7.2,4.82,4.99,4.04,4.04,6.14,6.12,5.78,7.25,6.75
198902,0.35,0.49,1.35,1.43,0.38,0.38,-0.05,0.05,-1.43,-2.53
198903,1.32,2.79,2.1,1.73,3.16,0.56,0.87,1.3,2.17,3
198904,2.65,2.13,3.72,4.61,5.27,4.88,5.72,4.95,4.56,5.45
198905,2.23,2.73,3.27,3.67,4.32,4.73,4.03,4.27,4.5,4.48
198906,-1.1,-1.85,-2.19,-2.17,-1.06,-1.1,-0.77,0.04,0.1,-0.71
198907,1.58,3.03,4.74,4.22,4.75,4.77,6.58,7.76,7.89,9.44
198908,1.43,1.81,3.44,3.29,3.08,3.43,4.11,3.2,3.44,1.32
198909,0.57,0.37,-0.01,0.75,0.14,-0.71,-1.2,-1.69,-0.38,0.27
198910,-5,-6.11,-5.76,-6.84,-5.53,-5.19,-4.59,-4.84,-4.38,-1.64
198911,-2.39,-0.07,0.65,-0.01,0.94,1.64,0.42,1.99,1.1,1.89
198912,-2.95,-1.21,0.43,-0.06,-0.61,0.86,1.78,2.2,1.85,1.86
199001,-2.84,-7.85,-8.62,-8.9,-9.76,-7.47,-7.78,-8.84,-7.17,-7.15
199002,1.52,2.01,3.97,2.13,3.58,2.8,1.82,2.3,1.71,1.07
199003,2.16,2.19,4.61,3.3,3.59,2.05,3.62,1.66,1.16,2.48
199004,-1.68,-3.86,-2.97,-5.06,-3.35,-4.19,-5,-4.68,-4.18,-2.52
199005,2.68,4.92,6.67,5.73,6.38,8.35,9.18,9.05,9.29,9.69
199006,1.16,-0.89,-0.67,0.08,1.15,-0.67,-1.39,-0.77,-1.8,-0.57
199007,-2.74,-4.7,-4.04,-4.15,-3.8,-3.85,-1.62,-2.48,-2.12,-0.67
199008,-10.94,-13.98,-13.37,-12.75,-12.68,-11.86,-10.19,-10.36,-9.72,-8.9
199009,-7.55,-9.92,-9.43,-10.13,-10.3,-8.2,-6.44,-8.42,-6.79,-5.26
199010,-7.01,-6.31,-6.11,-5.7,-6.74,-4.27,-3.18,-3.39,-3.08,-0.28
199011,0.48,4.35,7.76,8.61,10.69,9.84,9,11.01,11.5,6.82
199012,-3.11,0.2,2.87,4.89,4.69,5.28,4.73,4.08,4.3,3.35
199101,9.5,9.54,9.73,8.51,9.65,7.51,7.03,6.32,7.05,5.29
199102,15.5,15.08,11.87,13.83,11.24,9.6,10.45,9.04,7.98,6.31
199103,10.72,5.96,7.51,6.03,5.09,4.38,3.36,4.17,2.51,2.22
199104,5.59,0.44,0.28,0.14,1.1,0.39,0.21,1.57,1.86,-0.32
199105,2.4,2.98,4.09,3.28,3.49,3.85,4.6,5.12,5.02,4.07
199106,-2.69,-4.74,-3.98,-4.43,-4.04,-4.09,-3.97,-5.08,-5.72,-4.69
199107,2.87,4.16,3.77,4.09,4.98,5.52,4.85,4.49,4.86,4.7
199108,2.83,4.09,3.06,3.72,4.81,3.79,2.43,2.48,2.68,2.97
199109,1.45,1.43,1.03,-0.11,-0.18,-0.81,-0.67,-0.67,-1.01,-1.78
199110,2.67,4.06,1.77,2.09,2.49,2.24,1.03,2.34,2.06,1.13
199111,-0.48,-4.61,-4.67,-4.3,-5.13,-4.07,-3.56,-3.97,-4.99,-3.63
199112,-0.25,4.75,6.72,8.81,10.12,11.04,9.48,11.25,11.74,11.28
199201,24.44,14.44,9.97,7.67,6.03,5.15,1.71,1.88,0.48,-1.57
199202,8.6,4.3,2.75,2.45,2.56,3.22,2.15,1.96,2.38,1.15
199203,0.85,-3.68,-3.28,-3.34,-2.24,-2.25,-2.43,-2.93,-2.3,-1.83
199204,-4.4,-4.48,-4.27,-3.29,-0.95,-1.99,-0.05,1.26,2.24,2.41
199205,0.37,0.3,0.26,1.12,0.92,1.29,1.05,0.62,0.82,0.7
199206,-4.27,-5.53,-4.54,-3.72,-3.31,-2.67,-2.58,-1.71,-1.66,-1.56
199207,1.77,3.14,4.12,3.31,3.99,5.05,3.6,4.69,4.18,3.94
199208,-2.82,-2.86,-2.61,-2.38,-3.43,-2.44,-2.36,-2.1,-2.39,-2.01
199209,0.78,0.97,3.06,1.82,1.81,2.99,1.02,1.56,2.73,1.5
199210,1.17,3.23,3.51,3.56,4.18,3.13,2.96,3.16,1.92,0.92
199211,7,10.73,8.84,7.63,7.69,7.16,4.59,4.97,4.54,3.33
199212,4.89,2.76,2.7,3.29,3.16,3.71,3.05,2.9,1.32,1.64
199301,11.36,4.2,3.63,2.45,2.55,2.81,1.57,2.46,1.94,0.41
199302,-0.59,-4.09,-2.45,-2.3,-1.67,-1.75,0.14,0.13,0.97,1.3
199303,3.16,2.26,2.4,1.86,3,4.42,3.29,3.16,3.04,2.03
199304,-0.42,-3.62,-3.12,-2.89,-3.73,-2.5,-2.45,-2.98,-2.83,-1.93
199305,3.9,4.5,5.1,4.02,4.88,4.65,3.52,3.67,2.23,2.06
199306,2.89,-0.71,-0.45,0.35,1.26,-0.45,1.05,1.29,-0.02,0.35
199307,1.72,1.27,1.2,1.02,1.44,-0.15,0.57,-0.07,0.85,-0.4
199308,3.48,4.2,4.76,5.28,3.98,4.67,4.3,5.61,3.92,3.85
199309,3.92,2.26,2.43,3.8,2.16,1.64,0.66,0.23,-0.24,-0.16
199310,5.7,4.21,4,1.45,2.32,0.46,0.7,1.11,0.72,1.38
199311,-2.18,-2.9,-3.17,-3.5,-2.65,-2.26,-3.47,-2.13,-1.27,-1.28
199312,-0.62,1.09,2.75,3.54,4.68,4.12,4.14,3.76,2.56,0.88
199401,6.76,4.06,3.86,2.32,1.79,3.03,3.38,2.82,2.74,2.98
199402,-0.4,-1.04,-0.44,-1.17,0.78,-0.41,-1.66,-1.52,-2.01,-3.26
199403,-3.37,-5.08,-6.42,-5.48,-4.22,-5.14,-4.31,-4.62,-3.55,-4.24
199404,-2.45,-1.39,-0.42,-0.02,-0.2,-0.1,1.07,0.59,0.51,1.29
199405,0.15,-0.76,-0.53,-0.8,-1.36,-0.49,-1,0.46,0.48,2.07
199406,-2.28,-4.08,-3.54,-2.3,-2.77,-1.98,-2.64,-3.06,-2.78,-2.25
199407,0.8,0.44,2.55,1.73,2.3,3.47,3.93,3.07,3.45,2.62
199408,2.45,4.7,5.77,6.89,6.92,5.29,5.24,5.05,4.76,4.32
199409,1.83,1.15,0.78,-0.63,-0.69,-0.86,-1.95,-2.11,-2.77,-2.82
199410,-0.11,0.22,-0.33,-0.77,-0.61,1.57,0.28,0.38,1.67,2.26
199411,-4.69,-3.74,-3.88,-3.98,-3.96,-5.46,-5.33,-3.47,-4.27,-3.53
199412,-3.37,-1.1,1.4,1.89,3.07,2.42,1.62,0.91,0.72,1.18
199501,5.37,2.66,0.13,-0.96,-1.74,0.14,1.43,2.03,2.98,3.12
199502,2.01,3.9,3.62,3.74,4.36,5.72,5.25,4.52,5.76,3.55
199503,1.55,1.16,3.28,2.1,2.33,1.66,2.95,2.35,3.31,2.21
199504,2.6,2.53,2.15,2.11,2.07,1.43,2.26,0.93,1.59,2.28
199505,1.71,1.84,1.66,1.63,1.16,2.22,2.36,2.84,3.81,4.55
199506,6.76,4.59,5.4,5.48,3.48,3.89,4.56,3.23,2.28,2.2
199507,5.87,7.24,6.22,7.06,6.37,5.94,6.11,5.3,3.94,3.28
199508,4.84,4.03,1.94,2.19,2.39,1.27,1.28,1.61,2.09,0.87
199509,3.44,2.54,1.55,1.68,1.48,1.7,2.51,2.24,2.53,4.32
199510,-4.7,-4.48,-6.79,-6.41,-4.4,-2,-1.43,-3.1,-2.27,-0.23
199511,-0.87,2.31,4.05,5.2,3.42,5.76,4.53,4.57,5.49,4.88
199512,-0.15,1.91,2.27,2.45,0.95,2.62,-0.03,-0.53,0.76,1.43
199601,5.18,0.55,-0.68,0.05,0.7,-0.79,0.62,2.75,3,3.45
199602,4.39,3.04,3.53,3.42,3.82,4.11,2.67,1.78,2.56,1
199603,3.49,2.94,1.96,2.67,2.58,2.29,2.31,0.81,1.61,1.37
199604,6.46,7.43,7.65,6.17,4.8,4.53,3.83,3.76,2.37,1.29
199605,10.32,5.47,5.64,3.29,2.94,1.92,1.17,1.33,1.54,1.91
199606,-2.88,-4.92,-4.29,-4,-3.06,-3.55,-2.22,-1.78,-0.87,0.18
199607,-8.94,-9.17,-11.46,-9.07,-8.77,-8.61,-5.96,-6.6,-6.27,-4.45
199608,3.29,5.36,5.9,6.3,8.01,6.39,5.63,5.3,3.5,2.77
199609,1.72,3.6,3.9,3.93,4.76,5.08,4.05,5.1,5.49,5.9
199610,-3.35,-2.11,-2.21,-2.68,-3.14,-2.38,0.91,-0.58,0.7,2.29
199611,0.7,2.86,3.25,2.65,4.09,4.45,5.72,5.94,7.17,7.56
199612,-2.21,1.33,2.38,1.58,0.31,0.47,0.73,-0.94,-2.47,-2.07
199701,9.9,4.59,3.4,2.75,3.45,1.2,2.76,2.71,4.51,4.9
199702,-0.91,-2.23,-3.71,-2.7,-1.77,-2.22,-0.53,-0.04,-0.16,1.34
199703,-4.84,-5.67,-6.64,-5.09,-5.55,-4.89,-5.43,-4.93,-3.91,-4.08
199704,-3.37,-4.94,-2.26,-1.28,0.25,1.59,1.78,1.08,2.42,4.68
199705,5.95,11.51,13.97,13.44,13.53,13.04,10.02,9.01,7.73,7.12
199706,4.05,5.18,4.44,3.98,5.25,4.27,4.05,2.98,2.68,4.88
199707,4.16,6.22,3.32,6.56,5.59,6.24,6.32,7.51,9.24,8.87
199708,4.61,4.5,3.64,2.42,2.91,1.15,0.24,-0.12,-1.7,-5.38
199709,9.63,9.33,8.35,8.04,8.09,6.49,6.39,4.66,5.53,5.34
199710,-0.27,-3.66,-4.71,-3.52,-5.05,-3.65,-4.48,-4.79,-3.4,-2.83
199711,-3.68,-1.54,-1.68,-1.98,-0.68,-0.66,1.47,2.01,2.59,4.35
199712,-6.63,-0.87,-0.04,1,0.76,2.42,2.18,1.24,3.22,2.17
199801,3.24,-0.12,0.05,-1.38,-0.11,-1.6,-0.44,-1.17,-2.08,0.89
199802,4.73,6.86,8.15,8.57,8.61,9.06,7.95,7.91,8.42,7.67
199803,5.09,5.16,3.95,4.53,4.15,4.36,5.56,4.28,4.31,5.49
199804,4.22,1.84,0.86,1.91,0.19,0.69,1.08,0.06,0.87,1.23
199805,-3.97,-5.26,-5.78,-5.95,-6.17,-6.17,-4.26,-3.72,-2.94,-2.22
199806,-4.9,-1.75,-1.29,-0.19,-0.19,-1.06,-0.24,-1.24,1.32,3.04
199807,-4.98,-6.08,-7.78,-7.66,-7.65,-8.19,-5.73,-5.75,-4.37,-1.26
199808,-20.5,-22.8,-21.09,-19.74,-20.5,-20.32,-19.1,-17.86,-15.07,-15.08
199809,0.62,7.2,7.39,8.45,7.04,8.18,5.1,7.69,6.07,6.8
199810,1.34,4,4.92,6.08,6.97,4.9,8.63,8.79,9.16,9.19
199811,9.67,8.99,6.86,6.74,6.43,4.86,5.02,3.91,5.83,5.78
199812,0.19,2.69,4.66,4.79,5.31,7.5,5.23,5.2,4.62,5.53
199901,12.7,4.95,1.55,-0.06,1.81,-0.79,-1.55,-2.31,0.3,2.84
199902,-3.23,-6.98,-8.22,-9.17,-8.59,-7.26,-2.88,-3.98,-1.43,-2.03
199903,-3.04,-3.25,-0.61,0.89,2.24,2.88,0.84,4.29,4.41,2.91
199904,7.71,10.31,9.38,8.12,9.85,10.47,9.31,11.4,6.61,6.98
199905,4.49,3.78,3.05,3.91,3.53,2.93,3.51,1.54,0.42,-1.41
199906,2.6,6.69,4.23,6.44,4.43,3.58,5.25,4.51,1.97,3.65
199907,3.17,1.24,-0.93,-2.22,-2.22,-2.58,-0.32,-2.58,-3.81,-3.66
199908,-3.56,-2.95,-4.7,-3.96,-2.91,-4.22,-4.42,-1.71,-2.53,-1.97
199909,-2.75,-0.93,-0.24,-0.45,1.45,-0.04,-1.16,-1.73,-4.6,-3.29
199910,-1.2,-2.56,-0.72,-0.71,0.63,1.45,4.11,4.74,5.44,6.42
199911,12.7,9.22,8.43,7.15,6.92,4.57,5.09,3.3,2.66,1.39
199912,9.36,8.86,6.61,9.92,8.82,5.15,7.57,8.99,5.27,3.04
200001,13.65,3.51,0.44,-3.18,-4.87,-4.59,-4.26,-3.95,-4.89,-3.78
200002,19.5,13.47,10.52,9.84,7.75,4.18,4.62,2.82,-0.98,-5.59
200003,-1.94,-2.01,-0.73,-0.34,1.25,6.66,12.94,10.89,10.02,11.35
200004,-11.73,-9.06,-8.6,-5.14,-3.79,-1.7,-3.61,-3.32,-1.17,-0.62
200005,-7.41,-7.47,-6.66,-4.58,-2.12,-1.82,-2.53,-0.78,-0.26,1.39
200006,8.47,12.73,7.18,6.57,4.39,4.06,2.07,1.86,-0.24,-1.96
200007,-2.03,-2,-1.24,-4.32,-3.68,-3.16,-3.55,-1.7,-0.58,-1.63
200008,4.06,7.8,6.12,6.4,7.93,8.6,8.05,10.66,9.88,10.26
200009,-4.08,-4.61,-4.78,-4.15,-6.68,-4.71,-5.16,-5.42,-1.41,-2.95
200010,-7.8,-8.52,-5.49,-7.08,-6.56,-7.58,-5.08,-2.34,-2.62,-1.73
200011,-12.31,-13.25,-12.05,-13.53,-15.13,-13.45,-11.16,-12.27,-12.42,-12.59
200012,-7.38,-3.32,3.3,3.14,4.56,6.63,7.55,6.08,6.52,2.19
200101,32.94,28.53,23.92,22.39,22.48,16.75,13.03,9.95,9.92,6.79
200102,-4.56,-7.59,-7.99,-9.65,-12.14,-12.96,-9.99,-11.1,-9.12,-13.64
200103,-4.75,-7.99,-7.39,-7.29,-10.77,-9.53,-9.9,-8.96,-9,-10.73
200104,3.57,9.78,8.51,8.33,11.82,11.04,11.34,14.71,11.78,12.17
200105,8.64,11.9,5.8,2.76,3.32,4.43,4.41,2.68,2.45,-0.81
200106,0.8,2.07,5.5,4.21,3.4,0.62,1.06,-0.87,-1.63,-3.96
200107,-1.44,-4.04,-6.48,-6.75,-5.05,-4.55,-1.59,-2.66,-3.85,-0.55
200108,-3.23,-3.53,-4.73,-5.25,-4.14,-4.97,-5.31,-5.56,-5.11,-6.22
200109,-11.22,-15.09,-16.29,-16.92,-16.67,-13.94,-13.49,-16.18,-12.26,-10.41
200110,7.84,7.61,9.01,10.41,11.21,10.9,9.24,7.72,6.34,2.19
200111,5.9,9.75,11.03,11.64,10.64,9.52,9.21,11.27,8.94,9.11
200112,5.73,8.85,8.52,8.43,6.49,7.09,6.5,3.72,2.92,1.93
200201,6.31,-0.49,-2.03,-3.19,-1.83,-2.78,-1.03,-3.01,-0.96,-1.38
200202,-3.65,-5.85,-5.25,-4.09,-3.98,-3.35,-2.39,-2.52,-2.9,-3.04
200203,7.63,8.85,10.05,9.25,9.34,7.5,7.38,8.22,7.52,6.68
200204,1.6,0.29,-0.14,0.02,-2.69,-2.99,-3.49,-2.59,-4.59,-6.08
200205,0.51,-5.15,-6.62,-6.32,-6.55,-4.15,-2.56,-2.94,-2.02,-1.4
200206,-7.2,-3.88,-5.94,-7.68,-7.73,-8.46,-9.53,-10.37,-9.19,-10.03
200207,-10.59,-16.74,-15.65,-16.22,-12.7,-9.71,-9.98,-10.64,-9.66,-7.64
200208,0.46,-1.47,-0.75,1.5,1.04,1.97,0.44,1.03,0.55,0.9
200209,-8.86,-8.88,-8.01,-8.03,-7.81,-8.92,-10.01,-11.5,-8.72,-10.45
200210,4.18,4.97,4.89,4.42,6.38,4.39,5.59,5.75,7.1,6.51
200211,14,15.69,14.03,11.89,10.47,8.59,10.81,11.82,6.35,6.89
200212,-4.74,-6.48,-6.49,-4.97,-5.9,-3.92,-5.39,-4.53,-3.61,-5.49
200301,3.63,-2.77,-3.51,-3.33,-3.09,-3.43,-1.54,-2.54,-1.71,-2.46
200302,-1.82,-5.35,-3.09,-2.85,-3.94,-2.91,-2.31,-2.33,-0.93,-2.94
200303,1.62,0.22,1.64,1.4,0.85,1.36,0.95,0.78,1.18,0.4
200304,9.5,11.83,11.57,10.14,12.56,9.02,11.59,9.61,7.06,9.35
200305,17,15.71,12.53,12.89,10.94,8.83,10.9,10.11,9.22,6.93
200306,7.87,6.14,2.36,2.18,2.22,2.2,2.17,0.33,0.02,1.15
200307,9,7.88,7.92,6.65,5.35,4,4.02,3.59,1.97,1.79
200308,5.63,4.86,4.57,4.72,5.5,5.09,5.35,4.68,4.05,2.64
200309,6.31,0.33,-1.94,-2.48,-2.34,-1.23,-1.25,-1.43,-1.54,-1.73
200310,8.79,8.86,9.02,8.68,8.29,8.12,7.74,8.39,6.81,6.48
200311,4.58,3.78,3.27,3.35,2.98,3.9,3.14,2.59,2.23,1.48
200312,4.02,2.73,2.87,2.88,2.36,3.51,2.28,3.28,3.81,5.39
200401,10.65,6.17,4.61,4.44,3.13,3.01,3.19,2,2.7,1.1
200402,0.81,0.34,0.19,1.35,1.01,2.88,2.69,2.17,2.39,1.98
200403,0.48,-0.91,0.76,1.04,1.1,0.61,-0.07,-0.37,-0.49,-1.38
200404,-2.51,-5.2,-4.29,-4.11,-2.78,-3.48,-3.24,-3.03,-1.62,-1.09
200405,-1.11,-0.97,1.03,1.7,1.71,1.95,1.76,2.33,2.11,1.11
200406,1.18,5.09,5.2,5.25,3.27,2.86,2.43,1.95,2.64,1.63
200407,-6.52,-9.62,-7.04,-6.77,-5.86,-5.52,-5.01,-5.5,-3.58,-3.94
200408,-1.84,-1.36,-0.54,-2.03,-0.75,-1.32,-0.91,-0.37,0.25,0.12
200409,3.56,5.26,5.85,5.7,4.57,3.37,3.71,3.14,4.13,1.88
200410,1.46,1.85,3.08,1.83,2.31,2.7,2.37,2.78,3.01,0.79
200411,9.41,10.02,9.76,8.82,7.86,6.62,6.87,6.81,5.61,4.4
200412,8.39,3.72,4.26,3.1,2.99,4.39,5.25,3.85,3.45,3.9
200501,-3.2,-5.01,-4.73,-3.83,-4.4,-2.82,-1.84,-3.61,-1.64,-2.89
200502,0.55,-0.55,1.59,2.9,2.16,1.78,3.04,2.23,3.41,1.13
200503,-3.61,-3.76,-2.8,-2.12,-2.78,-1.61,-0.87,-1.26,-0.5,-1.74
200504,-6.07,-7.09,-6.65,-6.49,-5.86,-4.66,-3.8,-4.2,-3.02,-1.51
200505,3.55,6.62,7.2,7.7,7.05,5.78,6.29,5.72,3.97,3.52
200506,3.36,4.98,4.22,3.58,3.16,2.69,2.39,1.94,2.36,0.09
200507,7.17,6.37,7.48,6.02,5.88,5.17,5.67,5.43,4.93,4.3
200508,-0.84,-1.85,-1.81,-1.26,-1.7,-0.77,-0.72,-0.98,-0.98,-0.78
200509,0.89,-0.22,-0.36,0.99,0.47,0.04,0.97,0.73,1.73,0.36
200510,-3.79,-2.61,-2.7,-3.25,-3.34,-2.68,-2.74,-2.47,-2.42,-1.09
200511,2.4,5.4,4.84,4.76,4.91,5.79,4.06,4.65,4.19,3.45
200512,1.53,-0.28,0.45,-0.75,-0.39,1.26,0.93,0.81,0.77,0.48
200601,8.88,9.4,8.86,8.21,8.1,5.64,4.85,3.76,3.89,2.83
200602,1.41,-0.73,0.05,-0.76,-0.67,-0.4,-0.08,0.75,-0.38,0.57
200603,4.88,4.53,4.33,4.28,4.47,2.8,2.48,2.49,1.66,1.21
200604,0.95,-0.45,0.73,0.19,0.33,0.3,1.38,0.38,1.35,1.59
200605,-5.24,-5.71,-4.31,-5.29,-5.52,-3.07,-3.9,-3.25,-3.4,-1.9
200606,-1.38,-0.22,-0.33,-0.33,-0.65,-0.87,-0.97,-0.92,0.68,0.21
200607,-3.61,-3.99,-3.86,-3.85,-3.78,-3.57,-4.34,-2.7,-1.14,-0.38
200608,1.38,3.44,3.72,2.51,2.54,2.18,1.7,2.46,2.46,2.06
200609,0.64,0.41,1.48,0.88,1.3,0.93,1.94,1.84,2.1,2.81
200610,4.73,6.53,5.91,5.45,5.28,4.87,3.82,4.5,3.32,3.23
200611,2.4,2.08,3.02,2.37,3.97,4.28,4.01,3.83,3.11,1.22
200612,2.19,1.26,-0.34,0.33,0.15,0.32,0.34,0.08,-0.12,1.64
200701,2.85,0.5,2.01,1.38,2.3,2.98,3.72,3.19,2.81,1.84
200702,0.6,-0.72,-0.23,-0.29,0.24,0.72,0.33,0.05,0.35,-1.56
200703,-0.31,0.64,0.67,0.25,2.49,1.56,1.21,0.85,0.96,1.19
200704,2.2,0.94,1.78,1.98,3.12,3.98,3.93,4.24,4.09,4.39
200705,0.81,3.22,3.31,4.05,5.38,5.53,4.01,4.2,3.32,3.69
200706,-0.07,-0.39,-1.6,-2.04,-1.29,-0.68,-1.85,-2.01,-1.27,-1.85
200707,-4.63,-7.31,-6.77,-6.01,-5.03,-4.5,-4.56,-4.45,-2.68,-3.02
200708,-3.28,1.37,2.51,1.37,1.79,-1.09,-0.75,0.29,-0.31,1.72
200709,1.43,0.8,0.56,1.19,1.98,3.05,2.48,2.27,3.42,4.19
200710,0.15,1.49,1.69,2.72,2.45,2.23,1.28,1.47,1.84,2.15
200711,-9.74,-9.26,-7.99,-7.37,-6.1,-6.39,-5.24,-5.56,-4.12,-4.04
200712,-2.1,-0.51,-0.57,0.27,-1.69,-1.27,-2.12,-1.31,0.04,-1.78
200801,-4.36,-7.67,-5.87,-6.01,-4.83,-5.48,-3.86,-4.76,-5.71,-4.9
200802,-2.03,-5.4,-2.15,-4.22,-4.52,-0.93,-3.14,-3.05,-3.05,-2.5
200803,-4.4,-0.23,0.74,0.46,-1.66,-1.45,-3.42,-1.7,-2.76,-1.22
200804,0.27,2.42,2.85,3.61,6.3,8.49,4.64,5.15,6.27,4.92
200805,2.86,3,4.81,5.43,5.31,4.36,4.2,3.74,3.02,1.61
200806,-8.16,-11.79,-11.13,-9.65,-10.69,-9.86,-10.32,-11.1,-9.13,-10.15
200807,-0.8,6.1,4.2,3.96,0.74,1.09,-2.18,-2.17,-2.94,-1.4
200808,1.09,3.89,4.2,5.94,3.61,3.35,1.77,2.3,-0.2,0.87
200809,-12.75,-7.76,-7.87,-7.39,-10.98,-10.6,-12.27,-13.21,-13.24,-11.55
200810,-20.39,-22.16,-23.93,-22.08,-22.34,-21.03,-22.82,-21.89,-22.5,-17.63
200811,-16.51,-13.14,-13.89,-11.86,-13.72,-9.42,-12.05,-10.26,-10.77,-7.35
200812,-0.18,5.96,8.39,5.89,5.37,5.57,5.11,4.78,3.19,2.05
200901,1.75,-11.73,-9.1,-10.31,-9.22,-7.44,-5.48,-6.23,-6.6,-6.47
200902,-11.08,-12.57,-13.37,-13.13,-11.63,-11.07,-11.98,-9.99,-11.02,-10.94
200903,12.33,15.58,11.46,14.2,11.97,10.95,11.76,8.7,9.68,11.3
200904,19.75,25.14,26.6,22.09,25.74,21.69,21.91,18.65,22.64,12.51
200905,13.7,5.9,5.99,7.35,5.41,5.39,6.81,7.1,8,8.1
200906,5.86,4.09,2.76,1.08,1.78,-0.17,0.14,0.29,-0.76,-1.03
200907,7.6,9.81,11.01,9.17,10.47,9.57,8.75,8.53,8.57,7.63
200908,10.39,4.05,2.31,4.93,3.43,2.91,4.05,5.82,3.85,3.23
200909,7.9,7.13,8.11,5.72,5.74,6.89,6.55,6.55,4.88,3.81
200910,-6.8,-8.53,-7.52,-6.96,-6.05,-4.95,-4.68,-4.18,-3.08,-1.8
200911,0.15,1.15,2.44,2.27,3.32,4.34,5.16,3.85,4.66,6.89
200912,5.37,8.78,9.16,8.68,7.63,7.05,5.53,6.54,4.72,2.01
201001,3,-3.88,-2.62,-2.34,-3.44,-2.8,-3.16,-3.34,-2.98,-3.52
201002,2.8,5.64,3.75,3.61,5.34,4.62,4.47,5.4,4.06,2.97
201003,8.04,8.52,7.96,9.42,7.77,8.46,7.16,7.84,5.88,5.85
201004,11.33,7.93,5.79,5.02,5.94,3.56,5.23,3.54,2.63,1.05
201005,-8.7,-8.88,-7.48,-7.52,-7.73,-6.89,-7.52,-6.7,-7.24,-8.11
201006,-8.85,-7.8,-7.61,-7.54,-7.72,-6.37,-6.65,-6.03,-5.15,-5.55
201007,4.06,6.35,6.91,6.67,7.65,6.49,7.1,7.49,7.13,7.37
201008,-6.88,-9.31,-7.87,-6.55,-7.45,-5.53,-5.05,-4.63,-4.55,-4.19
201009,9.18,12.5,13.08,13.72,13.19,12.78,10.52,11.11,10.71,9.26
201010,4.43,5.74,4.16,2.63,3.87,3.81,2.1,4.04,3.64,4.5
201011,0.95,4.52,3.47,3.59,4.06,3.82,2.04,2.92,1.22,-0.08
201012,8.77,9.5,9.52,8.11,8.75,7.33,7.83,7.14,6.95,6.28
201101,4.08,-3.05,0.14,0.66,0.17,2.41,2.35,2.24,1.9,2.48
201102,3.5,4.22,6.24,4.89,4.85,5.5,3.85,4.24,3.93,3.31
201103,-0.26,2.6,2.77,1.55,2.68,3.3,1.86,2.12,0.92,0.03
201104,-0.1,1.76,1.83,2.64,3.22,3.4,3.01,2.72,3.42,3.2
201105,-2.68,-2.73,-3.17,-0.95,-1.64,-1.08,-1,-0.26,-0.68,-0.84
201106,-2.87,-3.8,-2.19,-1.17,-2.26,-1.81,-2.34,-2.33,-1.6,-1.54
201107,-0.92,-2.75,-4.04,-4.39,-4.71,-3.66,-3.89,-3.53,-3.81,-2.54
201108,-10.23,-11.05,-9.95,-9.67,-7.91,-8.57,-7.68,-7.63,-6.09,-5.8
201109,-10.71,-11.91,-11.34,-11.71,-11.61,-11.76,-10.9,-10.36,-8.74,-7.84
201110,7.53,16.42,16.93,16.59,16.27,16.84,15.57,14.9,11.94,12.49
201111,-3.24,-1.25,-0.81,-0.14,-1.95,0.79,-0.36,-0.4,-0.8,-0.35
201112,-0.07,0.75,-0.24,0.35,-0.12,-0.07,-0.36,-0.77,-1.12,0.19
201201,10.92,9.76,8.41,7.36,7.4,6.96,6.85,7.57,7.06,5.53
201202,4.88,1.11,2.95,3.68,3.2,4.79,4.78,4.93,4.31,4.49
201203,4.62,2.9,1.78,2.6,2.5,0.16,1.81,1.47,2.1,2.88
201204,-0.78,-2.85,-2.92,-1.23,-1.74,-1.36,-0.52,-1,-1.21,-0.71
201205,-6.26,-8.44,-7.69,-6.5,-6.93,-7.87,-7.98,-8.89,-6.91,-6.82
201206,2.98,6.27,5.83,4.93,4.17,2.72,1.57,1.98,3.15,3.58
201207,-0.89,-2.26,-2,-1.54,-1.92,-0.32,-0.34,-1.03,0.84,0.54
201208,1.84,2.77,3.5,2.26,4.79,3.65,4.36,3.76,2.78,2.34
201209,4.52,4.04,5.7,3.36,2.34,2.9,1.67,2.63,2.18,2.71
201210,-1.85,-4.2,-2.74,-3.03,0.01,-1.73,-0.6,-0.01,-1.61,-0.76
201211,-1.3,1.37,0.89,0.32,2.1,2.9,2.46,1.68,1.3,1.13
201212,1.18,4.92,4.07,3.43,3.04,3.22,1.92,3.02,2.09,1.36
201301,8.82,4.75,6.37,6.7,6.47,6.34,8.12,7.27,6.87,6.04
201302,1.21,0.09,1.43,0.94,0.92,1.47,1.61,0.77,1.56,0.95
201303,4.05,5.05,4.47,4.24,4.55,5.04,4.66,4.6,4.19,4.65
201304,-0.21,-0.4,-1.11,-0.52,-0.26,-0.45,0.64,1,1.52,1.67
201305,4.68,6.52,6.33,5.63,4.99,4.5,5.02,2.19,2.56,2.65
201306,0.29,0.27,1.06,-0.05,-0.75,-1.07,-1.64,-1.85,-0.37,-1.17
201307,8.02,8.34,7.66,6.26,7.46,7.69,6.82,6.51,5.86,5.75
201308,-1.09,-2.96,-3.16,-2.38,-3.46,-2.11,-2.78,-2.01,-2.5,-2.41
201309,5.78,7.4,6.41,6.12,5.33,5.9,5.57,4.94,3.98,3.93
201310,2.07,1.4,2.92,1.33,3.64,3.73,3.26,3.34,3.57,4.62
201311,4.47,6.62,4.4,4.72,3.6,4.1,2.21,1.9,2.43,3.05
201312,3.28,1.64,2.77,1.99,2.63,3.24,3.28,2.92,3.1,2.85
201401,4.34,-3.07,-2.32,-3.62,-3.09,-2.33,-2.28,-3.25,-2.37,-3.43
201402,4.14,4.57,4.36,4.34,4.58,6.03,5.11,5.89,5.95,4.66
201403,-0.19,0.52,0.47,-0.25,-0.42,-0.23,-0.1,0.19,-0.05,0.91
201404,-5.32,-5.26,-4.23,-3.72,-2.53,-2.21,-1.28,-1.34,0.05,0.61
201405,-1,-0.66,-0.1,0.3,1.58,1.17,1.22,2.28,2.09,2.67
201406,3.81,5.38,6.8,5.87,4.83,5.19,4.74,3.67,2.74,2.15
201407,-4.31,-7.23,-6.89,-5.3,-6.07,-5.31,-4.39,-2.68,-2.37,-1.98
201408,3.01,3.62,5.36,5.07,4.62,5.51,5.51,5.23,4.63,3.75
201409,-4.38,-7.35,-5.79,-5.24,-5.58,-5.62,-4.48,-3.65,-2.43,-1.49
201410,-0.11,6.82,6.16,6.15,5.19,3.9,0.89,3.46,2.64,2.02
201411,-1.09,-1.43,-0.27,-0.44,1.13,0.61,0.56,2.54,2.22,2.56
201412,1.93,5.26,3.62,1.29,1.47,-0.11,-0.39,0.82,-0.3,-0.06
201501,-1.75,-6.54,-4.89,-4.98,-4.7,-2.56,-2.78,-1.67,-3,-3.71
201502,5.22,7.07,8.36,6.57,7.8,8.47,7.46,7.72,6.11,6.11
201503,-0.42,0.2,1.04,1.54,0.7,0.28,0.2,-0.11,-1.17,-1.46
201504,0.78,-0.9,-0.55,-0.77,-0.36,-0.45,0.82,-0.13,1.03,1.59
201505,0.25,1.56,1.15,1.81,1.07,2.41,0.17,1.68,0.27,0.75
201506,-0.57,3.12,1.32,-0.31,0.15,-1.24,-2.22,-1.28,-2.78,-1.89
201507,-5.3,-5.42,-2.01,-1.76,-2.32,-1.68,0.93,0.53,0.17,2.05
201508,-2.98,-4.88,-5.51,-6.61,-6.06,-4.44,-6.39,-5.76,-5.01,-6.24
201509,-5.59,-7.59,-6.55,-6.71,-5.99,-6.08,-4.73,-5.4,-3.29,-3.4
201510,2.71,7.1,6.3,5.41,7.57,6.3,5.37,6.99,6.41,7.86
201511,1.11,3.26,5.02,5.48,3.19,0.37,1.31,0.64,-0.14,0.41
201512,-4.75,-5.69,-5.67,-4.71,-6.2,-4.97,-4.07,-3.83,-2.86,-1.79
201601,-9.25,-11.56,-12.03,-10.39,-9.54,-8.84,-7.86,-8.92,-5.89,-6.05
201602,-0.51,-0.43,1.35,-0.06,1.06,2.44,1.31,-0.07,1.99,0.33
201603,6.65,9.51,8.63,9.51,10.81,9.82,9.06,9.42,8.02,6.2
201604,5.03,3.39,4.69,2.34,3.5,2.79,2.48,3.39,1.5,1.38
201605,-0.66,-0.47,2.34,1.42,0.25,1.53,2.01,2.23,0.72,1.38
201606,0.29,-0.58,0.33,-1.77,0.38,-1.94,-1.45,-2.18,1.02,-0.72
201607,5.78,6.29,6.72,6.47,6.03,5.62,4.29,4.69,4.49,3.54
201608,2.99,3.9,0.95,3.34,1.89,1.59,-0.06,2.03,-0.43,0.26
201609,3.35,3.69,2.68,1.76,0.38,0.65,0.26,0.02,0.93,-0.09
201610,-7.33,-6.02,-4.83,-6.63,-4.52,-3.54,-3.15,-1.58,-3.02,-1.37
201611,7.11,14.49,12.58,12.89,10.93,9.05,8.62,5.63,5.7,4.33
201612,1.4,5.21,2.56,1.64,1.55,1.4,1.05,0.36,0.99,1.42
201701,2.94,-1.24,-0.05,1.2,1.47,1.39,2.66,2.96,3.21,2.14
201702,1.33,0.52,2.85,1.45,1.28,2.31,2.54,3.54,3.06,3.82
201703,1.1,0.79,-0.23,0.49,0.37,-0.14,0.42,-0.04,0.04,-0.02
201704,-1.27,1.13,1.56,1.01,0.38,0.48,0.7,1.11,1.16,1.24
201705,-3.12,-3.42,-2.91,-3.07,-2.23,-1.17,-0.54,0.13,1.32,1.45
201706,4.26,6.18,4.63,3.65,2.61,2.58,2.24,1.64,0.12,1.19
201707,-1.86,-1.17,0.57,1.06,1.42,1.02,1.56,1.31,1.76,1.91
201708,-2.83,-1.05,-1.05,-2.53,-1.46,-1.03,-0.39,-0.22,-1.52,0.51
201709,9.17,8.7,7.7,7.62,6.78,4.27,4.36,3.23,2.7,2.7
201710,-0.98,-0.34,0.04,0.04,0.08,1.92,2.03,1.55,1.49,1.62